2114;157;« STEEL-SERIES »;SteelSeries;"&#8205; Mouse Pad Steelseries QcK XXL";2295.00;;;28  2024 12:25 PM;0;0;1596;https://www.powergamesenlinea.com/shop/2114/desc/mouse-pad-steelseries-qck-xxl;https://www.powergamesenlinea.com/_sh/21/2114.webp
527;238;« L?MPARAS »;Paladone;L?mpara Harry Potter Golden Snitch Posable | 012396;3595.00;;;01  2015 1:12 PM;4;0;4988;https://www.powergamesenlinea.com/shop/527/desc/harry-potter-golden-lamp;https://www.powergamesenlinea.com/_sh/5/527.webp
412;63;«Amiibo»;Nintendo;Amiibo Ganondorf - (Tears of the Kingdom);1695.00;;;18  2014 12:08 PM;4;0;2964;https://www.powergamesenlinea.com/shop/412/desc/amiibo-ganondorf-tears-of-the-kingdom;https://www.powergamesenlinea.com/_sh/4/412.webp
25;193;« GAME-GEAR »;JBL;JBL Wireless Portable Speaker Clip 4 (bocinas);2895.00;;;29  2011 3:29 PM;3;0;4647;https://www.powergamesenlinea.com/shop/25/desc/jbl-wireless-portable-speaker;https://www.powergamesenlinea.com/_sh/00/25.webp
26;182;XBOX LIVE;Microsoft;Xbox Live 12 Months;3395.00;;;29  2011 3:47 PM;4.07;0;7249;https://www.powergamesenlinea.com/shop/26/desc/xbox-live-12-meses;https://www.powergamesenlinea.com/_sh/00/26.webp
29;182;XBOX LIVE;Microsoft;Xbox Live $25 Gift Card;2195.00;;;29  2011 4:13 PM;3;0;8717;https://www.powergamesenlinea.com/shop/29/desc/xbox_gift_card_25;https://www.powergamesenlinea.com/_sh/00/29.webp
30;182;XBOX LIVE;Microsoft;Xbox Live $50 Gift Card;3995.00;;;29  2011 4:45 PM;4;0;7508;https://www.powergamesenlinea.com/shop/30/desc/xbox_gift_card50;https://www.powergamesenlinea.com/_sh/00/30.webp
24;66;Accesorios Nintendo Switch;Nintendo;Joy-Con (L/R) - Neon Red/Neon Blue;4795.00;;;29  2011 3:09 PM;3.15;0;7153;https://www.powergamesenlinea.com/shop/24/desc/joy-con-l-r-neon-red-neon-blue;https://www.powergamesenlinea.com/_sh/00/24.webp
325;25;«Accesorios»;KMD;HDMI Cable 2.0;550.00;;;18  2013 11:12 AM;3.15;0;4552;https://www.powergamesenlinea.com/shop/325/desc/hdmi-cable-2-0;https://www.powergamesenlinea.com/_sh/3/325.jpg
12;181;PLAYSTATION;Sony;[VENTA SOLO EN TIENDA] Gift Card F?SICA $50 PlayStation;0.00;;;27  2011 4:05 PM;4.06;0;13665;https://www.powergamesenlinea.com/shop/12/desc/playstation-newtwork-card-50;https://www.powergamesenlinea.com/_sh/00/12.webp
1427;147;« FIGURES »;Banpresto;Jujutsu Kaisen - Jukon no Kata Satoru Gojo;1850.00;;;11  2021 1:46 PM;3;0;2685;https://www.powergamesenlinea.com/shop/1427/desc/jukon-no-kata-satoru-gojo;https://www.powergamesenlinea.com/_sh/14/1427.webp
419;66;Accesorios Nintendo Switch;Nintendo;Pro Controller - Legend of Zelda™: Tears of the Kingdom Special Edition;4795.00;;;30  2014 7:06 PM;3.56;0;12173;https://www.powergamesenlinea.com/shop/419/desc/pro-controller-tears-of-the-kingdom;https://www.powergamesenlinea.com/_sh/4/419.webp
36;63;«Amiibo»;Nintendo;Amiibo - Frye - Splatoon Series;1395.00;;;29  2011 6:14 PM;3.67;0;4295;https://www.powergamesenlinea.com/shop/36/desc/amiibo-frye-splatoon-series;https://www.powergamesenlinea.com/_sh/00/36.webp
40;161;Accesorios PlayStation 5;Sony;"&#8205;? Control DualSense PS5 - Cobalt Blue";4795.00;;;29  2011 6:36 PM;3.56;0;10744;https://www.powergamesenlinea.com/shop/40/desc/control-dualsense-ps5-cobalt-blue;https://www.powergamesenlinea.com/_sh/00/40.webp
39;66;Accesorios Nintendo Switch;PowerA;"&#8205; Wired Control - Sonic Boost";1950.00;;;29  2011 6:30 PM;4;0;4682;https://www.powergamesenlinea.com/shop/39/desc/wired-control-sonic-boost;https://www.powergamesenlinea.com/_sh/00/39.webp
41;239;« TAZAS »;Pyramid America;Taza Super Mario Its A Me Mario (Boxed Mug) | 006422;1095.00;;;29  2011 6:40 PM;4.33;0;8119;https://www.powergamesenlinea.com/shop/41/desc/taza-super-mario-its-a-me-mario;https://www.powergamesenlinea.com/_sh/00/41.webp
42;28;«Accesorios»;Microsoft;Control Xbox Series - Robot White;3695.00;;;29  2011 6:53 PM;3.8;0;13097;https://www.powergamesenlinea.com/shop/42/desc/control-xbox-series-white;https://www.powergamesenlinea.com/_sh/00/42.webp
1737;154;Juegos de PS5;Blizzard Entertainment;Diablo® 4 + Bonus Items - PS5;3750.00;Diablo® IV es un videojuego de rol de acci?n.;;12  2023 2:18 AM;0;0;2658;https://www.powergamesenlinea.com/shop/1737/desc/diablo-4-bonus-items-ps5;https://www.powergamesenlinea.com/_sh/17/1737.webp
1739;65;Juegos de Nintendo Switch;Nintendo™ EPD;Pikmin 4 - Nintendo Switch | 011157;3650.00;Pikmin 4 es un videojuego RTS (Estrategia En Tiempo Real), desarrollado y distribuido por Nintendo Entertainment Planning & Development.;;12  2023 2:24 AM;3;0;2826;https://www.powergamesenlinea.com/shop/1739/desc/pikmin-4-nintendo-switch;https://www.powergamesenlinea.com/_sh/17/1739.webp
43;157;« STEEL-SERIES »;SteelSeries;SteelSeries Aerox 5 USB RGB;5095.00;;;29  2011 7:00 PM;3.17;0;5078;https://www.powergamesenlinea.com/shop/43/desc/steelseries-aerox-5-usb-rgb;https://www.powergamesenlinea.com/_sh/00/43.webp
1426;154;Juegos de PS5;Sony Interactive Entertainment;SpiderMan: Miles Morales Launch Edition - PS5 | 009632;2395.00;;;09  2021 8:13 PM;5;0;3083;https://www.powergamesenlinea.com/shop/1426/desc/spiderman-miles-morales-ps5;https://www.powergamesenlinea.com/_sh/14/1426.webp
49;58;Accesorios Xbox One / Series X/S;Microsoft;Control Xbox Series - Sky Cipher;3895.00;;;29  2011 9:00 PM;3.45;0;18232;https://www.powergamesenlinea.com/shop/49/desc/control-xbox-series-sky-cipher;https://www.powergamesenlinea.com/_sh/00/49.webp
438;57;Juegos Xbox One | Series X,S;RockStar;Grand Theft Auto: The Trilogy - The Definitive Edition (GTA Trilogy);1795.00;;;14  2014 4:50 PM;3.25;0;4978;https://www.powergamesenlinea.com/shop/438/desc/grand-theft-auto-trilogy;https://www.powergamesenlinea.com/_sh/4/438.webp
390;63;«Amiibo»;Nintendo;Amiibo Shiver;1395.00;;;29  2014 4:19 PM;3.83;0;4967;https://www.powergamesenlinea.com/shop/390/desc/amiibo-shiver;https://www.powergamesenlinea.com/_sh/3/390.webp
110;181;PLAYSTATION;Sony;[VENTA SOLO EN TIENDAS] Gift Card F?SICA $10 PlayStation;0.00;;;02  2011 2:36 AM;3.85;0;9052;https://www.powergamesenlinea.com/shop/110/desc/psn_10;https://www.powergamesenlinea.com/_sh/1/110.webp
124;65;Juegos de Nintendo Switch;Nintendo;Fire Emblem Warriors Three Hopes;3495.00;;;05  2011 12:51 PM;3.06;0;6637;https://www.powergamesenlinea.com/shop/124/desc/fire-emblem-warriors-three-hopes;https://www.powergamesenlinea.com/_sh/1/124.webp
127;65;Juegos de Nintendo Switch;Nintendo;Mario Strikers: Battle League | 010262;3695.00;;;05  2011 1:04 PM;3.41;0;8151;https://www.powergamesenlinea.com/shop/127/desc/mario-strikers-battle-league;https://www.powergamesenlinea.com/_sh/1/127.webp
684;57;Juegos Xbox One | Series X,S;BANDAI NAMCO Entertainment;SOULCALIBUR VI: Standard Edition - Xbox One;1195.00;;;04  2017 4:16 PM;5;0;2818;https://www.powergamesenlinea.com/shop/684/desc/soulcalibur-vi-standard-edition-xbox-one;https://www.powergamesenlinea.com/_sh/6/684.webp
148;180;NINTENDO;Nintendo;Nintendo eShop $50 Gift Card;3420.00;;;06  2011 4:34 PM;3.67;0;9431;https://www.powergamesenlinea.com/shop/148/desc/eshop-50;https://www.powergamesenlinea.com/_sh/1/148.webp
152;66;Accesorios Nintendo Switch;Nintendo;Nintendo Switch AC Adapter;2095.00;;;06  2011 4:58 PM;3.82;0;6456;https://www.powergamesenlinea.com/shop/152/desc/nintendo-switch-ac-adapter;https://www.powergamesenlinea.com/_sh/1/152.webp
140;25;«Accesorios»;KMD;Type C Universal Charge Cable;450.00;;;06  2011 12:10 PM;2.25;0;4138;https://www.powergamesenlinea.com/shop/140/desc/type-c-universal-charge-cable;https://www.powergamesenlinea.com/_sh/1/140.webp
345;65;Juegos de Nintendo Switch;PlayStation Studios - San Diego Studio;MLB The Show 24 - Switch;3695.00;;;11  2013 2:55 PM;3.33;0;8835;https://www.powergamesenlinea.com/shop/345/desc/mlb-the-show-24-switch;https://www.powergamesenlinea.com/_sh/3/345.webp
156;61;Accesorios PS4;KMD;Dual Pack Charge Cable PS4;595.00;;;09  2011 4:03 PM;3.45;0;31598;https://www.powergamesenlinea.com/shop/156/desc/dual-pack-charge-cable-ps4;https://www.powergamesenlinea.com/_sh/1/156.webp
732;57;Juegos Xbox One | Series X,S;Bungie - ACTIVISION;Destiny 2 - Xbox One Standard Edition;995.00;;;29  2017 6:08 PM;5;0;4282;https://www.powergamesenlinea.com/shop/732/desc/destiny-2-xbox-one-standard-edition;https://www.powergamesenlinea.com/_sh/7/732.webp
486;154;Juegos de PS5;Warner Home Video - Games;The Witcher 3: Wild Hunt Complete Edition - PS5 | 011024;2395.00;;;23  2015 7:58 PM;3;0;4490;https://www.powergamesenlinea.com/shop/486/desc/the-witcher-3-ps5;https://www.powergamesenlinea.com/_sh/4/486.webp
487;238;« L?MPARAS »;The Pokemon Company;L?mpara Harry Potter Platform 9 3/4 Lamp | 012369;2160.00;;;24  2015 3:00 PM;2.33;0;3793;https://www.powergamesenlinea.com/shop/487/desc/harry-potter-platform-9-3-4-lamp;https://www.powergamesenlinea.com/_sh/4/487.webp
488;45;Juegos de PS4;Rocksteady Studios;Batman: Arkham Knight - PS4;1395.00;;;06  2015 4:21 AM;4.33;0;6382;https://www.powergamesenlinea.com/shop/488/desc/batman-arkham-knight-ps4;https://www.powergamesenlinea.com/_sh/4/488.webp
259;58;Accesorios Xbox One / Series X/S;Microsoft;Xbox Wireless Controller + USB-C Cable;3695.00;;;24  2012 11:40 PM;5;0;7225;https://www.powergamesenlinea.com/shop/259/desc/xbox-wireless-controller-usb-c-cable;https://www.powergamesenlinea.com/_sh/2/259.webp
1141;154;Juegos de PS5;2k;LEGO 2K Drive - PlayStation 5 includes 3-in-1 Aquadirt Racer LEGO® Set;3895.00;;;27  2019 9:03 PM;5;0;3789;https://www.powergamesenlinea.com/shop/1141/desc/lego-2k-drive-ps5;https://www.powergamesenlinea.com/_sh/11/1141.webp
348;66;Accesorios Nintendo Switch;PowerA;Joy-Con Comfort Grip - Super Mario Red;1450.00;;;11  2013 3:03 PM;3.92;0;5943;https://www.powergamesenlinea.com/shop/348/desc/joy-con-comfort-grip-super-mario-red;https://www.powergamesenlinea.com/_sh/3/348.webp
747;65;Juegos de Nintendo Switch;Nintendo;Minecraft: Switch Edition | 008366;2250.00;;;27  2017 1:09 PM;2.83;0;11061;https://www.powergamesenlinea.com/shop/747/desc/minecraft-switch-edition;https://www.powergamesenlinea.com/_sh/7/747.webp
271;45;Juegos de PS4;Santa Monica Studio & SCE;God of War 3 Remastered | 007309;1450.00;;;28  2012 1:22 PM;3.29;0;13013;https://www.powergamesenlinea.com/shop/271/desc/god-of-war-remastered;https://www.powergamesenlinea.com/_sh/2/271.webp
272;63;«Amiibo»;Nintendo;Amiibo - JigglyPuff No.37 (Super Smash Bros. Collection);2050.00;;;28  2012 1:38 PM;4;0;5685;https://www.powergamesenlinea.com/shop/272/desc/amiibo-jigglypuff;https://www.powergamesenlinea.com/_sh/2/272.webp
273;66;Accesorios Nintendo Switch;PowerA;"&#8205; Wired Control - Tie Dye Pikachu";1695.00;;;18  2013 6:41 PM;3.14;0;9393;https://www.powergamesenlinea.com/shop/273/desc/wired-control-tie-dye-pikachu;https://www.powergamesenlinea.com/_sh/2/273.webp
276;161;Accesorios PlayStation 5;KMD;C to Type C Charge Cables for PS5;1050.00;;;22  2013 9:01 PM;3.7;0;7423;https://www.powergamesenlinea.com/shop/276/desc/charge-cables-ps5-kmd;https://www.powergamesenlinea.com/_sh/2/276.webp
1355;235;« COOL STUFF »;Pyramid America;Alfombra SNES Controller Shaped - Doormat;1895.00;;;05  2021 5:58 PM;3.5;0;3391;https://www.powergamesenlinea.com/shop/1355/desc/alfombra-snes-controller-shaped;https://www.powergamesenlinea.com/_sh/13/1355.webp
631;154;Juegos de PS5;2K Deep Silver;Dead Island 2: Day 1 Edition - PlayStation 5;3695.00;;;07  2016 9:06 PM;4.5;0;3407;https://www.powergamesenlinea.com/shop/631/desc/dead-island-2-ps5;https://www.powergamesenlinea.com/_sh/6/631.webp
551;65;Juegos de Nintendo Switch;Ubisoft;Assassin's Creed The Ezio Collection - Nintendo Switch | 006179;1995.00;;;13  2016 8:00 PM;5;0;9790;https://www.powergamesenlinea.com/shop/551/desc/ac-ezio-collection-switch;https://www.powergamesenlinea.com/_sh/5/551.webp
300;28;«Accesorios»;BACKBONE;Backbone One Controller for iPhones - Xbox Edition;5495.00;;;11  2013 3:28 PM;4.22;0;8032;https://www.powergamesenlinea.com/shop/300/desc/backbone-one-xbox-edition;https://www.powergamesenlinea.com/_sh/3/300.webp
302;65;Juegos de Nintendo Switch;WB Games;The Lego Movie 2 - Switch | 006001;1895.00;;;18  2013 3:18 PM;3.17;0;4094;https://www.powergamesenlinea.com/shop/302/desc/lego-movie-2-switch;https://www.powergamesenlinea.com/_sh/3/302.webp
351;45;Juegos de PS4;Square Enix;Octopath Traveler II - PS4;2795.00;;;20  2013 5:30 PM;3.17;0;4379;https://www.powergamesenlinea.com/shop/351/desc/octopath-traveler-ii-ps4;https://www.powergamesenlinea.com/_sh/3/351.webp
1357;238;« L?MPARAS »;Paladone;L?mpara Hogwarts Express Logo Light |010465;2095.00;;;05  2021 10:25 PM;2.5;0;1761;https://www.powergamesenlinea.com/shop/1357/desc/hogwarts-express-logo-light;https://www.powergamesenlinea.com/_sh/13/1357.webp
644;45;Juegos de PS4;Sony;Death Stranding;1895.00;;;04  2016 8:06 PM;3;0;6523;https://www.powergamesenlinea.com/shop/644/desc/death-stranding;https://www.powergamesenlinea.com/_sh/6/644.webp
1806;154;Juegos de PS5;Ubisoft;Assasin's Creed Mirage - PS5;2095.00;;;19  2023 2:33 PM;3.5;0;3760;https://www.powergamesenlinea.com/shop/1806/desc/assasin-s-creed-mirage-ps5;https://www.powergamesenlinea.com/_sh/18/1806.webp
319;65;Juegos de Nintendo Switch;Bandai;Naruto Shippuden Ultimate Ninja Storm 4: Road To Boruto - SWITCH;3395.00;;;26  2013 3:00 PM;3.38;0;7274;https://www.powergamesenlinea.com/shop/319/desc/naruto-road-boruto-switch;https://www.powergamesenlinea.com/_sh/3/319.webp
321;180;NINTENDO;Nintendo;Nintendo eShop $10 Gift Card;855.00;;;26  2013 3:04 PM;3.89;0;9473;https://www.powergamesenlinea.com/shop/321/desc/eshop-10;https://www.powergamesenlinea.com/_sh/3/321.webp
336;45;Juegos de PS4;Rockstar Games;Red Dead Redemption 2 | 008617;2095.00;;;04  2013 11:20 AM;3.73;0;4582;https://www.powergamesenlinea.com/shop/336/desc/red-dead-2-ps4;https://www.powergamesenlinea.com/_sh/3/336.webp
344;65;Juegos de Nintendo Switch;Ubisoft;Mario + Rabbids Sparks of Hope;2195.00;;;11  2013 2:51 PM;5;0;15414;https://www.powergamesenlinea.com/shop/344/desc/mario_rabbids-spark;https://www.powergamesenlinea.com/_sh/3/344.webp
554;65;Juegos de Nintendo Switch;Nintendo;Yoshi's Crafted World | 008870;3650.00;;;18  2016 8:45 PM;3.33;0;5990;https://www.powergamesenlinea.com/shop/554/desc/yoshi-s-crafted-world;https://www.powergamesenlinea.com/_sh/5/554.webp
355;245;« JBL »;JBL Harman;JBL Clip 5 Portable Bluetooth Speaker;3895.00;;;14  2014 1:54 PM;4.11;0;7756;https://www.powergamesenlinea.com/shop/355/desc/jbl-clip-5-black;https://www.powergamesenlinea.com/_sh/3/355.webp
1840;239;« TAZAS »;Paladone;Taza Harry Potter Cauldron (Ceramic Mug) | 011646;1195.00;;;08  2023 12:07 PM;3;0;3627;https://www.powergamesenlinea.com/shop/1840/desc/taza-harry-potter-cauldron;https://www.powergamesenlinea.com/_sh/18/1840.webp
359;180;NINTENDO;Nintendo;Nintendo eShop $20 Gift Card;1700.00;;;22  2014 2:27 PM;3.4;0;8563;https://www.powergamesenlinea.com/shop/359/desc/eshop-20;https://www.powergamesenlinea.com/_sh/3/359.webp
1936;234;« RAZER »;Razer;Teclado Razer Mechanical - Wired;9895.00;;;23  2024 0:33 AM;2;0;1466;https://www.powergamesenlinea.com/shop/1936/desc/teclado-razer-mechanical-wired;https://www.powergamesenlinea.com/_sh/19/1936.webp
1676;239;« TAZAS »;Paladone;Taza Super Mario Mug Luigi Here We Go |006421;995.00;;;27  2023 11:53 PM;3.14;0;6628;https://www.powergamesenlinea.com/shop/1676/desc/mug-luigi-here-we-go;https://www.powergamesenlinea.com/_sh/16/1676.webp
1142;58;Accesorios Xbox One / Series X/S;Microsoft;"&#8205; Elite Series 2 Controller - Black";11095.00;El control inal?mbrico Xbox Elite Series 2 ofrece m?s de 30 nuevas formas para jugar.;;27  2019 9:48 PM;3.6;0;13333;https://www.powergamesenlinea.com/shop/1142/desc/elite-series-2-controller-black;https://www.powergamesenlinea.com/_sh/11/1142.webp
589;239;« TAZAS »;Paladone;Taza Super Mario Bros. |006420;695.00;;;16  2016 12:28 PM;3.33;0;5300;https://www.powergamesenlinea.com/shop/589/desc/taza-super-mario-bros;https://www.powergamesenlinea.com/_sh/5/589.webp
1535;65;Juegos de Nintendo Switch;Square Enix / Artdink;Triangle Strategy;3495.00;;;28  2022 2:44 PM;5;0;3477;https://www.powergamesenlinea.com/shop/1535/desc/triangle-strategy;https://www.powergamesenlinea.com/_sh/15/1535.webp
590;238;« L?MPARAS »;Paladone;L?mpara Minecraft Axolotl Light Lamp 5 Color |011291;2595.00;;;16  2016 12:29 PM;3.43;0;8110;https://www.powergamesenlinea.com/shop/590/desc/lampara-minecraft-axolotl;https://www.powergamesenlinea.com/_sh/5/590.webp
2199;65;Juegos de Nintendo Switch;Nintendo/Monolith Soft;Xenoblade Chronicles X: Definitive Edition;3395.00;;;07  2025 10:52 AM;0;0;1429;https://www.powergamesenlinea.com/shop/2199/desc/xenoblade-chronicles-x-definitive-edition;https://www.powergamesenlinea.com/_sh/21/2199.webp
2200;161;Accesorios PlayStation 5;Sony;Control DualSense PS5 - The Last Of Us Limited Edition;7995.00;;;12  2025 11:56 AM;5;0;1883;https://www.powergamesenlinea.com/shop/2200/desc/control-dualsense-ps5-the-last-of-us-limited-edition;https://www.powergamesenlinea.com/_sh/22/2200.webp
396;235;« COOL STUFF »;Pyamid America;Alfombra Sonic - Ring and Run - Doormat;1895.00;;;23  2014 7:55 PM;4;0;5371;https://www.powergamesenlinea.com/shop/396/desc/alfombra-sonic-ring-and-run;https://www.powergamesenlinea.com/_sh/3/396.webp
372;154;Juegos de PS5;BANDAI NAMCO Entertainment;Elden Ring - PS5 | 006184;3750.00;;;24  2014 3:07 PM;4;0;6324;https://www.powergamesenlinea.com/shop/372/desc/elden-ring-ps5;https://www.powergamesenlinea.com/_sh/3/372.webp
377;238;« L?MPARAS »;Paladone;L?mpara Minecraft Panda |012392;1995.00;;;29  2014 6:48 PM;3.25;0;6828;https://www.powergamesenlinea.com/shop/377/desc/lampara-minecraft-panda;https://www.powergamesenlinea.com/_sh/3/377.webp
381;63;«Amiibo»;Nintendo;Amiibo Kirby - Meta Knight;1550.00;;;29  2014 6:56 PM;3;0;3143;https://www.powergamesenlinea.com/shop/381/desc/amiibo-kirby-meta-knight;https://www.powergamesenlinea.com/_sh/3/381.webp
384;63;«Amiibo»;Nintendo;"&#8205; Amiibo Luigi - (SuperMario Series)";1650.00;;;29  2014 2:45 PM;3.67;0;6161;https://www.powergamesenlinea.com/shop/384/desc/amiibo-luigi-supermario;https://www.powergamesenlinea.com/_sh/3/384.webp
2147;98;« FUNKO POP! »;Funko Pop!;Dragon Ball - Goku with Tail (Kamehameha) #1780;1195.00;;;06  2025 10:42 AM;0;0;817;https://www.powergamesenlinea.com/shop/2147/desc/dragon-ball-goku-with-tail-kamehameha-1780;https://www.powergamesenlinea.com/_sh/21/2147.webp
2148;98;« FUNKO POP! »;;Demon Slayer - Tanjiro Kamado Jumbo 10-Inch #1805;3500.00;Jumbo 10-Inch;;06  2025 11:02 AM;0;0;948;https://www.powergamesenlinea.com/shop/2148/desc/demon-slayer-tanjiro-kamado-jumbo-10-inch-1805;https://www.powergamesenlinea.com/_sh/21/2148.webp
409;235;« COOL STUFF »;Pyramid America;Alfombra Zelda Boss Key - Doormat;1850.00;;;30  2014 3:33 AM;4;1;3648;https://www.powergamesenlinea.com/shop/409/desc/alfombra-zelda-boss-key;https://www.powergamesenlinea.com/_sh/4/409.webp
410;45;Juegos de PS4;Sony;Minecraft - PS4 | 007040;2550.00;;;30  2014 3:36 AM;5;0;4952;https://www.powergamesenlinea.com/shop/410/desc/minecraft-ps4;https://www.powergamesenlinea.com/_sh/4/410.webp
443;65;Juegos de Nintendo Switch;Nintendo;Pok?mon Sword;3495.00;;;20  2014 10:36 PM;3.62;0;5784;https://www.powergamesenlinea.com/shop/443/desc/pokemon-sword;https://www.powergamesenlinea.com/_sh/4/443.webp
431;63;«Amiibo»;Nintendo;Amiibo Inkling Girl 2;1650.00;;;30  2014 4:18 PM;2;0;4951;https://www.powergamesenlinea.com/shop/431/desc/amiibo-inkling-girl-2;https://www.powergamesenlinea.com/_sh/4/431.webp
1197;161;Accesorios PlayStation 5;SONY;Control DualSense PS5 - Galactic Purple;4195.00;;;22  2020 8:40 PM;2.5;0;7292;https://www.powergamesenlinea.com/shop/1197/desc/control-ps5-galactic-purple;https://www.powergamesenlinea.com/_sh/11/1197.webp
433;98;« FUNKO POP! »;FUNKO Pop!;Funko pop! One Piece - Jinbe Chase Edition -1265;1950.00;;;11  2014 7:58 PM;3.4;0;3818;https://www.powergamesenlinea.com/shop/433/desc/one-piece-jinbe-chase;https://www.powergamesenlinea.com/_sh/4/433.webp
521;45;Juegos de PS4;Electronic ArtS;Need for Speed: Rivals - PS4 |006767;1650.00;;;24  2015 1:21 AM;2.6;0;4492;https://www.powergamesenlinea.com/shop/521/desc/need-for-speed-rivals-ps4;https://www.powergamesenlinea.com/_sh/5/521.webp
439;45;Juegos de PS4;RockStar;Grand Theft Auto V (Premium Edition) - GTA5 | 008329;1595.00;;;14  2014 4:55 PM;4.2;0;6553;https://www.powergamesenlinea.com/shop/439/desc/grand-theft-auto-v-premium;https://www.powergamesenlinea.com/_sh/4/439.webp
442;65;Juegos de Nintendo Switch;Nintendo;Pok?mon Shield;3495.00;;;20  2014 10:34 PM;4.11;0;5989;https://www.powergamesenlinea.com/shop/442/desc/pokemon-shield;https://www.powergamesenlinea.com/_sh/4/442.webp
440;65;Juegos de Nintendo Switch;Nintendo;Super Smash Bros. Ultimate;3495.00;;;14  2014 10:37 PM;3.5;0;18310;https://www.powergamesenlinea.com/shop/440/desc/smashbros-ultimate;https://www.powergamesenlinea.com/_sh/4/440.webp
446;66;Accesorios Nintendo Switch;Hori;Mario Kart Racing (Switch) - (Volante, Guia, Volantes);7500.00;;;06  2014 6:15 PM;2.33;0;5627;https://www.powergamesenlinea.com/shop/446/desc/volante-mario-kart-racing;https://www.powergamesenlinea.com/_sh/4/446.webp
449;65;Juegos de Nintendo Switch;Nintendo;Juego Nintendo Switch Sports | 010204;3395.00;;;12  2014 8:59 PM;4.23;0;6930;https://www.powergamesenlinea.com/shop/449/desc/nintendo-switch-sports;https://www.powergamesenlinea.com/_sh/4/449.webp
451;241;Juegos Nintendo Switch 2;Nintendo;The Legend of Zelda: Tears of the Kingdom Collector’s Edition;9950.00;;;20  2014 3:54 PM;3.67;0;20256;https://www.powergamesenlinea.com/shop/451/desc/tears-of-the-kingdom-collector-edition;https://www.powergamesenlinea.com/_sh/4/451.webp
1837;161;Accesorios PlayStation 5;Sony;PlayStation Portal™ Remote Player;16495.00;PlayStation Portal™;;23  2023 2:25 PM;1.5;0;3914;https://www.powergamesenlinea.com/shop/1837/desc/playstation-portal;https://www.powergamesenlinea.com/_sh/18/1837.webp
1843;148;PlayStation 5;Sony;PlayStation®5 Digital Edition - (PS5 slim) | 011424;34950.00;PS5 Slim Digital Edition;;13  2023 3:56 PM;4.67;0;11213;https://www.powergamesenlinea.com/shop/1843/desc/ps5-slim-digital;https://www.powergamesenlinea.com/_sh/18/1843.webp
1223;105;Sennheiser Gaming Headset;Sennheiser;EPOS | Sennheiser GSP 301 Gaming Headset;5495.00;GSP 300: aud?fonos con ac?stica cerrada para juegos Dise?ados para el jugador que disfruta de un buen sonido para sus juegos, los aud?fonos con ac?stica cerrada para juegos GSP 301 ofrecen una experiencia de inmersi?n con audio de alta calidad.;;18  2020 1:31 PM;3.33;0;3333;https://www.powergamesenlinea.com/shop/1223/desc/epos-sennheiser-gsp-301-gaming-headset;https://www.powergamesenlinea.com/_sh/12/1223.webp
1222;105;Sennheiser Gaming Headset;Sennheiser;EPOS | Sennheiser GSP 300 Gaming Headset;5495.00;GSP 300: aud?fonos con ac?stica cerrada para juegos Dise?ados para el jugador que disfruta de un buen sonido para sus juegos, los aud?fonos con ac?stica cerrada para juegos GSP 300 ofrecen una experiencia de inmersi?n con audio de alta calidad.;;18  2020 1:20 PM;3.79;0;3520;https://www.powergamesenlinea.com/shop/1222/desc/epos-sennheiser-gsp-300-gaming-headset;https://www.powergamesenlinea.com/_sh/12/1222.webp
1224;105;Sennheiser Gaming Headset;Sennheiser;EPOS | Sennheiser GSP 302 Gaming Headset;5495.00;GSP 302: aud?fonos con ac?stica cerrada para juegos Dise?ados para el jugador que disfruta de un buen sonido para sus juegos, los aud?fonos con ac?stica cerrada para juegos GSP 302 ofrecen una experiencia de inmersi?n con audio de alta calidad.;;18  2020 1:37 PM;2.7;0;3123;https://www.powergamesenlinea.com/shop/1224/desc/epos-sennheiser-gsp-302-gaming-headset;https://www.powergamesenlinea.com/_sh/12/1224.webp
1298;45;Juegos de PS4;Activision;Crash 4: It's About Time - PS4;2295.00;;;21  2020 8:31 PM;2.5;0;3418;https://www.powergamesenlinea.com/shop/1298/desc/crash-4-it-s-about-time-ps4;https://www.powergamesenlinea.com/_sh/12/1298.webp
546;98;« FUNKO POP! »;FUNKO POP;Funko Pop! Super: One Piece - Kaido;2195.00;;;25  2016 7:45 PM;5;0;3509;https://www.powergamesenlinea.com/shop/546/desc/funko-pop-super-one-piece-kaido;https://www.powergamesenlinea.com/_sh/5/546.webp
1068;45;Juegos de PS4;Ubisoft;Tom Clancy's The Division 2;1395.00;;;15  2019 1:03 PM;2.33;0;2725;https://www.powergamesenlinea.com/shop/1068/desc/tom-clancy-s-the-division-2;https://www.powergamesenlinea.com/_sh/10/1068.webp
500;65;Juegos de Nintendo Switch;Nintendo;Super Mario Maker 2 | 008949;3650.00;;;19  2015 3:31 PM;3.43;0;9458;https://www.powergamesenlinea.com/shop/500/desc/mario-maker-2;https://www.powergamesenlinea.com/_sh/5/500.webp
467;45;Juegos de PS4;Sony;God of War Hits - PS4 | 008323;1495.00;;;08  2015 10:54 PM;2.71;0;20118;https://www.powergamesenlinea.com/shop/467/desc/god-of-war-hits-ps4;https://www.powergamesenlinea.com/_sh/4/467.webp
460;65;Juegos de Nintendo Switch;Nintendo;Luigi's Mansion 3 Standard Edition | 009115;3650.00;;;14  2015 11:47 AM;2.8;0;13507;https://www.powergamesenlinea.com/shop/460/desc/luigis-mansion-3;https://www.powergamesenlinea.com/_sh/4/460.webp
463;45;Juegos de PS4;BANDAI NAMCO Entertainment;DRAGON BALL Z: Kakarot - PS4 |009218;1695.00;;;18  2015 2:12 PM;2.33;0;4122;https://www.powergamesenlinea.com/shop/463/desc/dragon-ball-xenoverse-ps4;https://www.powergamesenlinea.com/_sh/4/463.webp
493;66;Accesorios Nintendo Switch;RDS Industries;Travel Case Super Mario Bros. Wonder;1895.00;;;18  2015 4:10 PM;2.14;0;4196;https://www.powergamesenlinea.com/shop/493/desc/case-super-mario-bros;https://www.powergamesenlinea.com/_sh/4/493.webp
1070;45;Juegos de PS4;Game Mill;Nickelodeon Kart Racers 2: Grand Prix - PS4;1495.00;;;15  2019 1:14 PM;2.5;0;2418;https://www.powergamesenlinea.com/shop/1070/desc/nickelodeon-kart-racers-2-ps4;https://www.powergamesenlinea.com/_sh/10/1070.webp
501;45;Juegos de PS4;BANDAI NAMCO Entertainment;DRAGON BALL: THE BREAKERS Special Edition;1695.00;;;23  2015 0:27 AM;5;0;3311;https://www.powergamesenlinea.com/shop/501/desc/dbz-the-breakers-ps4;https://www.powergamesenlinea.com/_sh/5/501.webp
509;45;Juegos de PS4;BANDAI NAMCO Entertainment;Naruto Ultimate Ninja Storm Trilogy;1795.00;;;01  2015 1:32 PM;3;0;4649;https://www.powergamesenlinea.com/shop/509/desc/naruto-ultimate-ninja-storm-trilogy;https://www.powergamesenlinea.com/_sh/5/509.webp
635;45;Juegos de PS4;Square Enix;Stranger of Paradise Final Fantasy Origin - PS4;1700.00;;;19  2016 3:30 PM;5;0;4194;https://www.powergamesenlinea.com/shop/635/desc/stranger-of-paradise-ffo;https://www.powergamesenlinea.com/_sh/6/635.webp
1384;238;« L?MPARAS »;Paladone;L?mpara Nightmare Before Christmas Jack Mask | 012393;2295.00;;;19  2021 5:29 PM;3.33;0;5561;https://www.powergamesenlinea.com/shop/1384/desc/lampara-nightmare-before-christmas-jack-mask;https://www.powergamesenlinea.com/_sh/13/1384.webp
529;181;PLAYSTATION;Sony;[VENTA SOLO EN TIENDA] Gift Card F?SICA $25 PlayStation;0.00;;;04  2015 8:29 PM;3.06;0;13951;https://www.powergamesenlinea.com/shop/529/desc/psn-25;https://www.powergamesenlinea.com/_sh/5/529.webp
1347;147;« FIGURES »;Banpresto;Dragon Ball World Collectable Figure Treasure Rally Vol.3;450.00;;;05  2021 4:41 PM;2;0;2640;https://www.powergamesenlinea.com/shop/1347/desc/collectable-figure-treasure-rally-vol-3;https://www.powergamesenlinea.com/_sh/13/1347.webp
530;45;Juegos de PS4;Electronic Arts;Need for Speed Heat;1950.00;;;04  2015 8:31 PM;3.6;0;4068;https://www.powergamesenlinea.com/shop/530/desc/nfs-heat-ps4;https://www.powergamesenlinea.com/_sh/5/530.webp
531;45;Juegos de PS4;Square Enix;Just Cause 4;1395.00;;;03  2015 7:40 PM;3;0;4084;https://www.powergamesenlinea.com/shop/531/desc/just-cause-4-ps4;https://www.powergamesenlinea.com/_sh/5/531.webp
532;58;Accesorios Xbox One / Series X/S;Microsoft;Xbox Core Wireless Controller – Electric Volt;3695.00;;;03  2015 7:40 PM;2.62;0;5227;https://www.powergamesenlinea.com/shop/532/desc/xbox-controller-electric-volt;https://www.powergamesenlinea.com/_sh/5/532.webp
686;45;Juegos de PS4;Bandai;Naruto Shippuden: Ultimate Ninja Storm 4 Road to Boruto;1495.00;;;04  2017 4:34 PM;4.71;0;6532;https://www.powergamesenlinea.com/shop/686/desc/road-to-boruto-ps4;https://www.powergamesenlinea.com/_sh/6/686.webp
557;98;« FUNKO POP! »;FUNKO POP!;"&#8205; Funko Pop Anya Forger 1949 Spy X Family";1295.00;;;29  2016 10:20 PM;3;0;11632;https://www.powergamesenlinea.com/shop/557/desc/funko-pop-anya-forger-1949;https://www.powergamesenlinea.com/_sh/5/557.webp
544;45;Juegos de PS4;Cygames / Xseed;Granblue Fantasy: Versus - PS4;1495.00;;;25  2016 3:34 PM;5;0;3006;https://www.powergamesenlinea.com/shop/544/desc/granblue-fantasy-versus-ps4;https://www.powergamesenlinea.com/_sh/5/544.webp
560;63;«Amiibo»;Nintendo;Metroid Dread amiibo 2-Pack;2150.00;;;11  2016 7:44 PM;2.67;0;4975;https://www.powergamesenlinea.com/shop/560/desc/metroid-dread-amiibo-2-pack;https://www.powergamesenlinea.com/_sh/5/560.webp
1196;251;« Peluches »;The Pok?mon Company;Toy Pokemon Gengar;1395.00;;;22  2020 8:38 PM;3.67;0;3433;https://www.powergamesenlinea.com/shop/1196/desc/toy-pokemon-gengar;https://www.powergamesenlinea.com/_sh/11/1196.webp
564;66;Accesorios Nintendo Switch;;Screen Protector Glass for Nintendo Switch v2;450.00;;;19  2016 12:57 PM;3.2;0;5417;https://www.powergamesenlinea.com/shop/564/desc/screen-protector-switch;https://www.powergamesenlinea.com/_sh/5/564.webp
1894;26;«Accesorios»;PowerWave;Screen Protector Glass for Nintendo Switch OLED;550.00;;;05  2024 2:37 PM;2.33;0;3165;https://www.powergamesenlinea.com/shop/1894/desc/glass-for-nintendo-switch-oled;https://www.powergamesenlinea.com/_sh/18/1894.webp
565;45;Juegos de PS4;Activision;Crash Bandicoot N. Sane Trilogy;1895.00;;;19  2016 12:58 PM;4.29;0;13339;https://www.powergamesenlinea.com/shop/565/desc/crash-n-trilogy;https://www.powergamesenlinea.com/_sh/5/565.webp
1876;154;Juegos de PS5;Fireshine Games - NEOWIZ;Lies of P - PlayStation 5;3695.00;;;13  2024 1:58 PM;0;0;1814;https://www.powergamesenlinea.com/shop/1876/desc/lies-of-p-playstation-5;https://www.powergamesenlinea.com/_sh/18/1876.webp
575;57;Juegos Xbox One | Series X,S;Ubisoft;Just Dance 2018;995.00;;;19  2016 1:14 PM;2.5;0;3490;https://www.powergamesenlinea.com/shop/575/desc/just-dance-2018;https://www.powergamesenlinea.com/_sh/5/575.webp
577;66;Accesorios Nintendo Switch;HORI;Control Mini (Yoshi) Wired;1695.00;;;19  2016 1:48 PM;4;0;6507;https://www.powergamesenlinea.com/shop/577/desc/control-mini-yoshi-wired;https://www.powergamesenlinea.com/_sh/5/577.webp
579;66;Accesorios Nintendo Switch;SanDisk;MEMORIA SanDisk 128GB microSDXC Card - (SD Memory);2095.00;;;19  2016 1:50 PM;4;0;5691;https://www.powergamesenlinea.com/shop/579/desc/sandisck-128gig-sd;https://www.powergamesenlinea.com/_sh/5/579.webp
580;239;« TAZAS »;Paladone;Taza Pac-Man Sculpted | 012397;1195.00;;;19  2016 1:51 PM;2.43;0;8642;https://www.powergamesenlinea.com/shop/580/desc/taza-pac-man-sculpted;https://www.powergamesenlinea.com/_sh/5/580.webp
2198;65;Juegos de Nintendo Switch;Planet Entertainment;Cooking Mama: Cookstar - NS | 013129;2395.00;;;03  2025 11:36 AM;0;0;4907;https://www.powergamesenlinea.com/shop/2198/desc/cooking-mama-cookstar;https://www.powergamesenlinea.com/_sh/21/2198.webp
2470;98;« FUNKO POP! »;Funko Pop!;Football World Cup 2026 France - Mike Maignan #79;1295.00;;;27  2026 4:57 PM;0;0;214;https://www.powergamesenlinea.com/shop/2470/desc/football-world-cup-2026-france-mike-maignan-79;https://www.powergamesenlinea.com/_sh/24/2470.webp
2471;98;« FUNKO POP! »;Funko Pop!;Football World Cup 2026 France - Jules Kounde #81;1295.00;;;27  2026 5:02 PM;0;0;214;https://www.powergamesenlinea.com/shop/2471/desc/football-world-cup-2026-france-jules-kounde-81;https://www.powergamesenlinea.com/_sh/24/2471.webp
2472;98;« FUNKO POP! »;Funko Pop!;Football World Cup 2026 France - Ousmane Dembele #80;1295.00;;;27  2026 5:04 PM;0;0;176;https://www.powergamesenlinea.com/shop/2472/desc/football-world-cup-2026-france-ousmane-dembele-80;https://www.powergamesenlinea.com/_sh/24/2472.webp
2473;98;« FUNKO POP! »;Funko Pop!;Football World Cup 2026 France - Kylian Mbappe #78;1295.00;;;27  2026 5:07 PM;0;0;243;https://www.powergamesenlinea.com/shop/2473/desc/football-world-cup-2026-france-kylian-mbappe-78;https://www.powergamesenlinea.com/_sh/24/2473.webp
2474;98;« FUNKO POP! »;Funko Pop!;Sonic the Hedgehog - Metal Sonic #916;1450.00;;;27  2026 5:18 PM;0;0;221;https://www.powergamesenlinea.com/shop/2474/desc/sonic-the-hedgehog-metal-sonic-916;https://www.powergamesenlinea.com/_sh/24/2474.webp
2476;98;« FUNKO POP! »;Funko Pop!;Sonic the Hedgehog - Blaze the Cat #1116;1350.00;;;27  2026 5:20 PM;0;0;209;https://www.powergamesenlinea.com/shop/2476/desc/sonic-the-hedgehog-blaze-the-cat-1116;https://www.powergamesenlinea.com/_sh/24/2476.webp
2477;98;« FUNKO POP! »;Funko Pop!;Sonic the Hedgehog - Jet the Hawk #1117;1350.00;;;27  2026 5:34 PM;0;0;336;https://www.powergamesenlinea.com/shop/2477/desc/sonic-the-hedgehog-jet-the-hawk-1117;https://www.powergamesenlinea.com/_sh/24/2477.webp
2478;98;« FUNKO POP! »;Funko Pop!;Sonic the Hedgehog - Espio the Chameleon #1119;1350.00;;;27  2026 6:08 PM;0;0;450;https://www.powergamesenlinea.com/shop/2478/desc/sonic-the-hedgehog-espio-the-chameleon-1119;https://www.powergamesenlinea.com/_sh/24/2478.webp
603;65;Juegos de Nintendo Switch;Nintendo;Super Mario Odyssey;3495.00;;;25  2016 4:29 PM;2.89;0;19329;https://www.powergamesenlinea.com/shop/603/desc/super_mario_odyssey;https://www.powergamesenlinea.com/_sh/6/603.webp
1927;234;« RAZER »;Razer;Multi-Platform Wired Gaming Headset – White;3895.00;;;10  2024 3:51 PM;0;0;1825;https://www.powergamesenlinea.com/shop/1927/desc/multi-platform-wired-gaming-headset-white;https://www.powergamesenlinea.com/_sh/19/1927.webp
629;57;Juegos Xbox One | Series X,S;Square Enix;Final Fantasy Type-0 HD;995.00;;;28  2016 8:00 PM;2.67;0;4093;https://www.powergamesenlinea.com/shop/629/desc/final-fantasy-type-0-hd;https://www.powergamesenlinea.com/_sh/6/629.webp
610;154;Juegos de PS5;PlayStation Studios;UNCHARTED: Legacy of Thieves Collection - PlayStation 5 | 006520;2550.00;;;19  2016 5:43 PM;1;0;3169;https://www.powergamesenlinea.com/shop/610/desc/uncharted-legacy-ps5;https://www.powergamesenlinea.com/_sh/6/610.webp
614;154;Juegos de PS5;WB Games Store;LEGO Star Wars - The Skywalker Saga PS5 | 010161;2395.00;;;26  2016 3:51 PM;3.5;0;3775;https://www.powergamesenlinea.com/shop/614/desc/lego-skywalker-saga-ps5;https://www.powergamesenlinea.com/_sh/6/614.webp
615;154;Juegos de PS5;Sony Interactive Entertainment;The Last of Us Part I - PS5 | 010356;3395.00;;;26  2016 3:57 PM;2.5;0;4199;https://www.powergamesenlinea.com/shop/615/desc/the-last-of-us-part-i;https://www.powergamesenlinea.com/_sh/6/615.webp
617;45;Juegos de PS4;Sony;The Last of Us Remastered - PlayStation Hits | 007178;1695.00;;;26  2016 8:37 PM;3.67;0;8524;https://www.powergamesenlinea.com/shop/617/desc/the-last-of-us-remastered-playstation-hits;https://www.powergamesenlinea.com/_sh/6/617.webp
618;45;Juegos de PS4;Ubisoft;The Crew 2 - PlayStation 4 | 008429;1695.00;;;29  2016 9:52 AM;4;0;4053;https://www.powergamesenlinea.com/shop/618/desc/the-crew-2-ps4;https://www.powergamesenlinea.com/_sh/6/618.webp
619;154;Juegos de PS5;WB Games;Mortal Kombat 11 Ultimate;1895.00;;;29  2016 9:53 AM;4;0;3601;https://www.powergamesenlinea.com/shop/619/desc/mortal-kombat-ultime-ps5;https://www.powergamesenlinea.com/_sh/6/619.webp
639;65;Juegos de Nintendo Switch;Natsume;Wild Guns: Reloaded;1895.00;;;21  2016 8:42 PM;2.5;0;4758;https://www.powergamesenlinea.com/shop/639/desc/wild-guns-reloaded;https://www.powergamesenlinea.com/_sh/6/639.webp
641;57;Juegos Xbox One | Series X,S;Bandai;Dragon Ball Xenoverse 2 - XBOX ONE;995.00;;;22  2016 3:47 PM;3.86;0;5813;https://www.powergamesenlinea.com/shop/641/desc/dragon-ball-xenoverse-2-x-one;https://www.powergamesenlinea.com/_sh/6/641.webp
1839;154;Juegos de PS5;Capcom;Street Fighters 6 Collector Edition;7895.00;;;05  2023 1:59 PM;2;0;2314;https://www.powergamesenlinea.com/shop/1839/desc/street-fighters-6-collector-edition-ps5;https://www.powergamesenlinea.com/_sh/18/1839.webp
742;238;« L?MPARAS »;Paladone;L?mpara Star Wars Stormtrooper |012398;2295.00;;;10  2017 8:04 PM;3.08;0;7290;https://www.powergamesenlinea.com/shop/742/desc/lampara-star-wars-stormtrooper;https://www.powergamesenlinea.com/_sh/7/742.webp
2189;154;Juegos de PS5;Ubisoft;*NO DISPONIBLE* Assassin’s Creed Shadows - PS5;4395.00;;;31  2025 12:39 PM;0;0;1979;https://www.powergamesenlinea.com/shop/2189/desc/assassin-s-creed-shadows-ps5;https://www.powergamesenlinea.com/_sh/21/2189.webp
2190;154;Juegos de PS5;Bandai;Bleach Rebirth of Souls - PS5;3895.00;;;31  2025 12:43 PM;0;0;1646;https://www.powergamesenlinea.com/shop/2190/desc/bleach-rebirth-of-souls-ps5;https://www.powergamesenlinea.com/_sh/21/2190.webp
2192;251;« Peluches »;Little Buddy;"Toy Super Mario - Mario 14"" Plush";1895.00;;;01  2025 8:37 PM;0;0;992;https://www.powergamesenlinea.com/shop/2192/desc/toy-super-mario-14;https://www.powergamesenlinea.com/_sh/21/2192.webp
2193;251;« Peluches »;Tommy;"Super Mario Fire Flower Mocchi Mocchi Mega 15"" Plush";2595.00;;;01  2025 8:43 PM;0;0;819;https://www.powergamesenlinea.com/shop/2193/desc/super-mario-fire-flower-mocchi-mocchi-mega-15-plush;https://www.powergamesenlinea.com/_sh/21/2193.webp
2398;251;« Peluches »;Little Buddy;"&#8205; Toy Piranha Plant Plush 9""";1550.00;;;08  2026 7:41 PM;0;0;351;https://www.powergamesenlinea.com/shop/2398/desc/toy-piranha-plant-plush-9;https://www.powergamesenlinea.com/_sh/23/2398.webp
2399;251;« Peluches »;Little Buddy;"&#8205; Toy Paratroopa Plush 8""";1195.00;;;08  2026 7:44 PM;0;0;354;https://www.powergamesenlinea.com/shop/2399/desc/toy-troopa-plush-8;https://www.powergamesenlinea.com/_sh/23/2399.webp
2195;251;« Peluches »;Tommy;"Toy Chain Chomp Mocchi Mocchi Mega 15"" Plush";2995.00;;;01  2025 8:48 PM;0;0;1170;https://www.powergamesenlinea.com/shop/2195/desc/toy-chomp-mocchi-mocchi-15;https://www.powergamesenlinea.com/_sh/21/2195.webp
2196;161;Accesorios PlayStation 5;KMS;Headset white wired instint ps4/ps5;1895.00;;;02  2025 2:10 PM;0;0;1485;https://www.powergamesenlinea.com/shop/2196/desc/headset-white-wired-instint-ps4-ps5;https://www.powergamesenlinea.com/_sh/21/2196.webp
665;251;« Peluches »;Little Buddy;Toy Kawaii Cute Star Kirby Heart;850.00;;;14  2017 1:45 AM;2.33;0;4603;https://www.powergamesenlinea.com/shop/665/desc/kawaii-cute-star-kirby-heart;https://www.powergamesenlinea.com/_sh/6/665.webp
2414;251;« Peluches »;Club Mocchi Mocchi;Toy Super Mario Plush - Red Mushroom Plushie;1295.00;;;08  2026 11:32 PM;0;0;723;https://www.powergamesenlinea.com/shop/2414/desc/toy-super-mario-plush-red-mushroom-plushie;https://www.powergamesenlinea.com/_sh/24/2414.webp
1198;239;« TAZAS »;Paladone;Taza Darth Vader 3D Mug 400 ml |012403;1295.00;;;22  2020 8:42 PM;1.5;0;4010;https://www.powergamesenlinea.com/shop/1198/desc/taza-darth-vader-3d;https://www.powergamesenlinea.com/_sh/11/1198.webp
1370;154;Juegos de PS5;Mojang Studios;Minecraft - PS5 | 012104;2550.00;;;09  2021 11:46 PM;2;0;2988;https://www.powergamesenlinea.com/shop/1370/desc/minecraft-ps5;https://www.powergamesenlinea.com/_sh/13/1370.webp
1371;157;« STEEL-SERIES »;SteelSeries;Teclado Gamer Apex 100 (Gaming Keyboard);2195.00;;;09  2021 11:50 PM;3.33;0;3357;https://www.powergamesenlinea.com/shop/1371/desc/steelseries-apex-100;https://www.powergamesenlinea.com/_sh/13/1371.webp
2110;45;Juegos de PS4;Microsoft;Call Of Duty Black OPS 6 - PS4 | 012112;4095.00;;;25  2024 3:49 PM;0;0;2278;https://www.powergamesenlinea.com/shop/2110/desc/call-of-duty-black-ops-6-ps4;https://www.powergamesenlinea.com/_sh/21/2110.webp
667;45;Juegos de PS4;Insomniac Games;SpiderMan: Miles Morales Launch Edition - PS4 | 009609;2395.00;;;14  2017 1:50 AM;3.67;0;3093;https://www.powergamesenlinea.com/shop/667/desc/spiderman-miles-morales-ps4;https://www.powergamesenlinea.com/_sh/6/667.webp
668;154;Juegos de PS5;Frontier Developments;Jurassic World Evolution 2 - PlayStation 5 | 012103;2195.00;;;14  2017 1:53 AM;2.67;0;3890;https://www.powergamesenlinea.com/shop/668/desc/jurassic-world-evolution-2-ps5;https://www.powergamesenlinea.com/_sh/6/668.webp
657;66;Accesorios Nintendo Switch;Nintendo;Nintendo Switch Pro Controller | 007830;4250.00;;;13  2017 7:49 PM;3.37;0;16822;https://www.powergamesenlinea.com/shop/657/desc/nintendo-switch-pro-controller;https://www.powergamesenlinea.com/_sh/6/657.webp
658;238;« L?MPARAS »;Paladone;L?mpara Paladone Stitch |012406;2195.00;;;13  2017 7:51 PM;3;0;2083;https://www.powergamesenlinea.com/shop/658/desc/lampara-paladone-stitch;https://www.powergamesenlinea.com/_sh/6/658.webp
660;66;Accesorios Nintendo Switch;PowerA;"&#8205;Wired Control - Ancient Archer";1695.00;;;13  2017 7:56 PM;3.25;0;4329;https://www.powergamesenlinea.com/shop/660/desc/wired-control-ancient-archer;https://www.powergamesenlinea.com/_sh/6/660.webp
661;66;Accesorios Nintendo Switch;Nintendo;Nintendo Switch Dock Set;5450.00;;;13  2017 7:58 PM;0;0;2534;https://www.powergamesenlinea.com/shop/661/desc/nintendo-switch-dock-set;https://www.powergamesenlinea.com/_sh/6/661.jpg
662;66;Accesorios Nintendo Switch;Nintendo;Joy-Con Neon Pink / Neon Green;4795.00;;;13  2017 7:59 PM;2;0;4682;https://www.powergamesenlinea.com/shop/662/desc/joy-con-neon-pink-neon-green;https://www.powergamesenlinea.com/_sh/6/662.webp
670;65;Juegos de Nintendo Switch;Nintendo;Mario & Luigi: Brothership for Nintendo Switch;3595.00;;;14  2017 6:46 PM;2.8;0;17727;https://www.powergamesenlinea.com/shop/670/desc/mario-luigi-brothership;https://www.powergamesenlinea.com/_sh/6/670.webp
673;65;Juegos de Nintendo Switch;Nintendo;Splatoon 2;3495.00;;;14  2017 7:22 PM;4;0;9684;https://www.powergamesenlinea.com/shop/673/desc/splatoon-2;https://www.powergamesenlinea.com/_sh/6/673.webp
675;65;Juegos de Nintendo Switch;Nintendo;Xenoblade Chronicles 3;3495.00;;;14  2017 7:28 PM;3.29;0;7888;https://www.powergamesenlinea.com/shop/675/desc/xenoblade-chronicles-3;https://www.powergamesenlinea.com/_sh/6/675.webp
679;65;Juegos de Nintendo Switch;Nintendo;The Legend of Zelda: Breath of the Wild;3495.00;;;16  2017 1:54 AM;3.2;0;17364;https://www.powergamesenlinea.com/shop/679/desc/pre-orden-the-legend-of-zelda-breath-of-the-wild;https://www.powergamesenlinea.com/_sh/6/679.webp
681;238;« L?MPARAS »;Paladone;L?mpara Piranha Plant Decor Light |012405;1995.00;;;24  2017 3:12 PM;4;0;2000;https://www.powergamesenlinea.com/shop/681/desc/lampara-piranha-plant-decor-light;https://www.powergamesenlinea.com/_sh/6/681.webp
683;45;Juegos de PS4;Capcom;Resident Evil 7: Biohazard | 008211;1695.00;;;24  2017 3:35 PM;3;0;2218;https://www.powergamesenlinea.com/shop/683/desc/resident-evil-7-biohazard;https://www.powergamesenlinea.com/_sh/6/683.webp
692;65;Juegos de Nintendo Switch;Rebellion Developments;Sniper Elite 4 - Nintendo Switch | 010504;2095.00;;;15  2017 4:58 PM;1.5;0;3893;https://www.powergamesenlinea.com/shop/692/desc/sniper-elite-4-nintendo-switch;https://www.powergamesenlinea.com/_sh/6/692.webp
695;61;Accesorios PS4;KMD;KMD Instinct Headset (Core Edition);950.00;;;26  2017 11:53 AM;2.8;0;4523;https://www.powergamesenlinea.com/shop/695/desc/kmd-core-edition;https://www.powergamesenlinea.com/_sh/6/695.webp
696;65;Juegos de Nintendo Switch;Sony;Sonic Mania Plus - Switch | 013188;1795.00;;;01  2017 3:56 PM;3;0;3536;https://www.powergamesenlinea.com/shop/696/desc/sonic-mania-plus-switch;https://www.powergamesenlinea.com/_sh/6/696.webp
699;154;Juegos de PS5;Bethesda;Ghostwire: Tokyo Standard Edition;3895.00;;;10  2017 5:13 PM;4;0;3859;https://www.powergamesenlinea.com/shop/699/desc/ghostwire-tokyo-standard-edition;https://www.powergamesenlinea.com/_sh/6/699.webp
702;65;Juegos de Nintendo Switch;Nintendo;LEGO City Undercover;1895.00;;;11  2017 5:11 PM;1.67;0;5281;https://www.powergamesenlinea.com/shop/702/desc/lego-city-undercover;https://www.powergamesenlinea.com/_sh/7/702.webp
708;65;Juegos de Nintendo Switch;Nintendo;Mario Kart 8 Deluxe |007871;3650.00;;;27  2017 10:26 PM;3.2;0;8029;https://www.powergamesenlinea.com/shop/708/desc/mario-kart-8-deluxe;https://www.powergamesenlinea.com/_sh/7/708.webp
709;65;Juegos de Nintendo Switch;WB Games;Mortal Kombat 11 - SWITCH;2095.00;;;02  2017 6:26 PM;2.33;0;5347;https://www.powergamesenlinea.com/shop/709/desc/mk-11-switch;https://www.powergamesenlinea.com/_sh/7/709.webp
713;238;« L?MPARAS »;Paladone;L?mpara Pac-Man Ghost |012404;2195.00;;;12  2017 5:25 PM;3.5;0;3682;https://www.powergamesenlinea.com/shop/713/desc/lampara-pac-man-ghost;https://www.powergamesenlinea.com/_sh/7/713.webp
715;65;Juegos de Nintendo Switch;SEGA;Sonic Colors Ultimate: Standard Edition | 006533;2150.00;;;27  2017 8:06 PM;1.5;0;4488;https://www.powergamesenlinea.com/shop/715/desc/sonic-colors;https://www.powergamesenlinea.com/_sh/7/715.webp
716;238;« L?MPARAS »;Paladone;L?mpara Minecraft Creeper |012402;1695.00;;;01  2017 4:55 PM;3;0;2995;https://www.powergamesenlinea.com/shop/716/desc/lampara-minecraft-creeper;https://www.powergamesenlinea.com/_sh/7/716.webp
717;160;Controles PlayStation 5;Sony;"&#8205; Control DualSense PS5 - Gray Camouflage";4195.00;;;01  2017 5:01 PM;3.14;0;16694;https://www.powergamesenlinea.com/shop/717/desc/control-dualsense-ps5-gray-camou;https://www.powergamesenlinea.com/_sh/7/717.webp
1098;154;Juegos de PS5;Bandai Namco Entertainment;DRAGON BALL Z: Kakarot - PS5 | 010873;1650.00;;;08  2019 1:19 PM;1.67;0;3134;https://www.powergamesenlinea.com/shop/1098/desc/dragon-ball-z-kakarot-ps5;https://www.powergamesenlinea.com/_sh/10/1098.webp
1182;63;«Amiibo»;Nitendo;"&#8205; Amiibo Donkey Kong - (SuperMario Series)";1495.00;;;05  2020 2:20 PM;2.75;0;6246;https://www.powergamesenlinea.com/shop/1182/desc/amiibo-donkey-kong;https://www.powergamesenlinea.com/_sh/11/1182.webp
1127;238;« L?MPARAS »;Paladone;L?mpara Super Mario™ Icons Light |012401;2595.00;;;01  2019 2:53 PM;3;0;2855;https://www.powergamesenlinea.com/shop/1127/desc/lampara-super-mario-icons-light;https://www.powergamesenlinea.com/_sh/11/1127.webp
728;65;Juegos de Nintendo Switch;2k Games;LEGO 2K Drive - Nintendo Switch includes 3-in-1 Aquadirt Racer LEGO® Set;3495.00;;;28  2017 5:36 PM;2.8;0;6541;https://www.powergamesenlinea.com/shop/728/desc/lego-2k-drive-switch;https://www.powergamesenlinea.com/_sh/7/728.webp
734;239;« TAZAS »;Paladone;Taza Demon Slayer Heat Change Mug |011851;1095.00;;;04  2017 6:37 PM;3.67;0;3219;https://www.powergamesenlinea.com/shop/734/desc/lampara-demon-slayer-heat-change-mug;https://www.powergamesenlinea.com/_sh/7/734.webp
782;239;« TAZAS »;Funko Pop!;Taza Deadpool 16 oz. |012334;1195.00;;;08  2017 1:43 PM;3.71;0;3684;https://www.powergamesenlinea.com/shop/782/desc/taza-deadpool-16-oz-mug;https://www.powergamesenlinea.com/_sh/7/782.webp
2197;161;Accesorios PlayStation 5;Bigben;Headset estreo wired ps4/ps5;1295.00;;;02  2025 2:19 PM;0;0;1519;https://www.powergamesenlinea.com/shop/2197/desc/headset-estreo-wired-ps4-ps5;https://www.powergamesenlinea.com/_sh/21/2197.webp
754;65;Juegos de Nintendo Switch;Bandai;DRAGON BALL FighterZ - Switch | 008548 |DBZ Fighter;1895.00;;;26  2017 6:43 PM;3;0;6795;https://www.powergamesenlinea.com/shop/754/desc/dbz-fighter-switch;https://www.powergamesenlinea.com/_sh/7/754.webp
756;239;« TAZAS »;Paladone;Taza Spiderman Shaped Mug - 450ml | 011728;1195.00;;;26  2017 6:51 PM;2.5;0;2094;https://www.powergamesenlinea.com/shop/756/desc/taza-spiderman-shaped-mug-450ml;https://www.powergamesenlinea.com/_sh/7/756.webp
783;239;« TAZAS »;ABYstyle;Taza Harry Potter Hedwig Mug | 012373;1295.00;;;08  2017 1:50 PM;2.33;0;2265;https://www.powergamesenlinea.com/shop/783/desc/taza-harry-potter-hedwig-mug;https://www.powergamesenlinea.com/_sh/7/783.webp
758;154;Juegos de PS5;Ubisoft;Assassin’s Creed Valhalla |009624;1995.00;;;26  2017 7:27 PM;5;0;5885;https://www.powergamesenlinea.com/shop/758/desc/assassin-s-creed-valhalla-ps5;https://www.powergamesenlinea.com/_sh/7/758.webp
759;98;« FUNKO POP! »;Funko POP!;The Batman - Oswald Cobblepot - #1191;780.00;;;07  2017 3:45 PM;4;0;2883;https://www.powergamesenlinea.com/shop/759/desc/the-batman-oswald-cobblepot-1191;https://www.powergamesenlinea.com/_sh/7/759.webp
760;98;« FUNKO POP! »;Funko POP!;Married with Children - Peggy Bundy #689;780.00;;;07  2017 3:47 PM;2;0;2559;https://www.powergamesenlinea.com/shop/760/desc/married-with-children-peggy-bundy-689;https://www.powergamesenlinea.com/_sh/7/760.webp
763;98;« FUNKO POP! »;Funko Pop!;Funko Pop! Marvel Eternals Gilgamesh #730;695.00;;;07  2017 4:02 PM;3;0;2999;https://www.powergamesenlinea.com/shop/763/desc/funko-pop-marvel-eternals-gilgamesh-730;https://www.powergamesenlinea.com/_sh/7/763.webp
766;212;« COLLECTIBLES »;Banpresto / Bandai;Dragon Ball Piccolo Super H?roe DXF;1795.00;;;07  2017 4:39 PM;4;0;2586;https://www.powergamesenlinea.com/shop/766/desc/piccolo-super-heroe-dxf;https://www.powergamesenlinea.com/_sh/7/766.webp
767;154;Juegos de PS5;Electronic Arts;Madden NFL 23 – PlayStation 5;3650.00;;;07  2017 4:50 PM;3;0;3352;https://www.powergamesenlinea.com/shop/767/desc/madden-2023-ps5;https://www.powergamesenlinea.com/_sh/7/767.webp
768;238;« L?MPARAS »;ABYstyle;Lampara Naruto Shippuden Akatsuki | 012370;1950.00;;;07  2017 4:57 PM;2.75;0;2557;https://www.powergamesenlinea.com/shop/768/desc/lampara-naruto-shippuden-akatsuki;https://www.powergamesenlinea.com/_sh/7/768.webp
770;239;« TAZAS »;ABYstyle;Taza Harry Potter Golden Snitch Coffee Mug| 012372;1795.00;;;07  2017 5:06 PM;3.33;0;4564;https://www.powergamesenlinea.com/shop/770/desc/taza-harry-potter-golden-snitch;https://www.powergamesenlinea.com/_sh/7/770.webp
772;98;« FUNKO POP! »;Funko;Funko POP! Marvel - Makkari [734];695.00;;;07  2017 5:14 PM;4;0;3066;https://www.powergamesenlinea.com/shop/772/desc/funko-pop-marvel-makkari-734;https://www.powergamesenlinea.com/_sh/7/772.webp
777;239;« TAZAS »;ABYstyle;Taza Adventure Time BMO Mug | 012374;1095.00;;;07  2017 5:40 PM;3;0;2913;https://www.powergamesenlinea.com/shop/777/desc/taza-adventure-time-bmo-mug;https://www.powergamesenlinea.com/_sh/7/777.webp
778;98;« FUNKO POP! »;Funko;Punko Pop! The Penguin #339;780.00;;;07  2017 5:45 PM;4;0;2996;https://www.powergamesenlinea.com/shop/778/desc/punko-pop-the-penguin-339;https://www.powergamesenlinea.com/_sh/7/778.webp
780;98;« FUNKO POP! »;Funko;Funko Pop! Animation: Boruto-Shikadai #1039;695.00;;;07  2017 6:00 PM;2;0;3274;https://www.powergamesenlinea.com/shop/780/desc/funko-pop-boruto-shikadai-1039;https://www.powergamesenlinea.com/_sh/7/780.webp
785;154;Juegos de PS5;BANDAI NAMCO Entertainment;One Piece Odyssey;1995.00;;;08  2017 7:24 PM;3;0;3433;https://www.powergamesenlinea.com/shop/785/desc/one-piece-odyssey;https://www.powergamesenlinea.com/_sh/7/785.webp
792;66;Accesorios Nintendo Switch;PowerA;Control Wired Crash 4 - NS;1895.00;;;16  2017 1:02 PM;5;0;4337;https://www.powergamesenlinea.com/shop/792/desc/control-powera-wired-quantum-crash;https://www.powergamesenlinea.com/_sh/7/792.webp
1647;63;«Amiibo»;Nintendo;Amiibo Princess Zelda (TOTK);1750.00;;;13  2023 5:23 PM;5;0;2048;https://www.powergamesenlinea.com/shop/1647/desc/amiibo-princes-zelda-totk;https://www.powergamesenlinea.com/_sh/16/1647.webp
795;241;Juegos Nintendo Switch 2;Nintendo Company, Ltd.;Mario Kart World NS2;5795.00;;;16  2017 1:21 PM;3.23;0;4179;https://www.powergamesenlinea.com/shop/795/desc/mario-kart-world;https://www.powergamesenlinea.com/_sh/7/795.webp
1295;45;Juegos de PS4;Electronic Arts;Star Wars: Squadrons - PS4;2095.00;;;21  2020 8:24 PM;2;0;2310;https://www.powergamesenlinea.com/shop/1295/desc/star-wars-squadrons;https://www.powergamesenlinea.com/_sh/12/1295.webp
1235;157;« STEEL-SERIES »;SteelSeries;SteelSeries Apex 9 TKL Mechanical Gaming;9895.00;;;19  2020 6:29 PM;1;0;2580;https://www.powergamesenlinea.com/shop/1235/desc/apex-9-keyboard-gaming;https://www.powergamesenlinea.com/_sh/12/1235.webp
799;240;Nintendo Switch 2;Nintendo Company, Ltd.;"&#8205; Nintendo Switch™ 2 + Mario Kart™ World Bundle Version Americana | 012619";32995.00;Switch™ 2 + Mario Kart™ World Bundle;;16  2017 1:45 PM;3.9;0;11877;https://www.powergamesenlinea.com/shop/799/desc/switch-2-mario-kart-world-bundle;https://www.powergamesenlinea.com/_sh/7/799.webp
2223;154;Juegos de PS5;Build a Rocket Boy;MindsEye;3895.00;;;17  2025 10:40 AM;0;0;946;https://www.powergamesenlinea.com/shop/2223/desc/mindseye;https://www.powergamesenlinea.com/_sh/22/2223.webp
801;245;« JBL »;JBL Harman;JBL Go 4 - Black;3050.00;;;16  2017 1:49 PM;3.5;0;2748;https://www.powergamesenlinea.com/shop/801/desc/jbl-go-4-black;https://www.powergamesenlinea.com/_sh/8/801.webp
805;98;« FUNKO POP! »;Funko POP!;Black Panther: Wakanda Forever Nakia - #1101;695.00;;;16  2017 2:02 PM;4.5;0;3528;https://www.powergamesenlinea.com/shop/805/desc/wakanda-forever-nakia;https://www.powergamesenlinea.com/_sh/8/805.webp
806;180;NINTENDO;Nintendo;Nintendo Switch Online 3-Month;850.00;;;16  2017 2:04 PM;2.25;0;4476;https://www.powergamesenlinea.com/shop/806/desc/nintendo-switch-online-3-month;https://www.powergamesenlinea.com/_sh/8/806.webp
1178;45;Juegos de PS4;Koei Tecmo;Nioh 2 - PS4;1495.00;;;13  2020 8:16 PM;2;0;3125;https://www.powergamesenlinea.com/shop/1178/desc/nioh-2-ps4;https://www.powergamesenlinea.com/_sh/11/1178.webp
818;242;Accesorios Switch 2;Nintendo;Joy-Con™ 2 (L)/(R) Light Blue/Light Red;6395.00;;;20  2017 7:48 PM;2;0;5170;https://www.powergamesenlinea.com/shop/818/desc/nintendo-switch-2-pro-controller;https://www.powergamesenlinea.com/_sh/8/818.webp
830;65;Juegos de Nintendo Switch;Nintendo;Kirby and the Forgotten Land | 010100;3650.00;;;05  2017 11:54 AM;4;0;6594;https://www.powergamesenlinea.com/shop/830/desc/kirby-and-the-forgotten-land;https://www.powergamesenlinea.com/_sh/8/830.webp
827;212;« COLLECTIBLES »;The Pok?mon Company International;Scarlet & Violet - Single Pack Blister (Espathra);550.00;;;05  2017 11:44 AM;2;0;2344;https://www.powergamesenlinea.com/shop/827/desc/scarlet-violet-single-pack-blister-espathra;https://www.powergamesenlinea.com/_sh/8/827.webp
1859;98;« FUNKO POP! »;Funko Pop!;Naruto Shippuden Pain #934;950.00;;;23  2024 5:48 PM;0;0;1448;https://www.powergamesenlinea.com/shop/1859/desc/naruto-shippuden-pain-934;https://www.powergamesenlinea.com/_sh/18/1859.webp
832;65;Juegos de Nintendo Switch;SEGA;WWE 2K Games Battlegrounds;2695.00;;;09  2017 7:33 PM;3;0;4801;https://www.powergamesenlinea.com/shop/832/desc/battlegrounds-switch;https://www.powergamesenlinea.com/_sh/8/832.webp
849;45;Juegos de PS4;Bandai;Dragon Ball Fighter Z | 008234;1550.00;;;27  2018 10:09 AM;3.5;0;4658;https://www.powergamesenlinea.com/shop/849/desc/dragon-ball-fighter-z;https://www.powergamesenlinea.com/_sh/8/849.webp
1193;161;Accesorios PlayStation 5;VenomUK;Venom PS5 Controller Charging Station;1550.00;;;22  2020 8:34 PM;2.83;0;3900;https://www.powergamesenlinea.com/shop/1193/desc/venom-ps5-controller-charging-station;https://www.powergamesenlinea.com/_sh/11/1193.webp
854;45;Juegos de PS4;Ubisoft;Assassin's Creed Chronicles - PS4;1395.00;;;03  2018 12:40 PM;3;0;6210;https://www.powergamesenlinea.com/shop/854/desc/assassins-creed-chronicles-ps4;https://www.powergamesenlinea.com/_sh/8/854.webp
857;66;Accesorios Nintendo Switch;Nintendo;Joy-Con (L/R) - Purple/ Neon Orange;4795.00;;;25  2018 11:00 AM;3.4;0;4978;https://www.powergamesenlinea.com/shop/857/desc/nintendo-joy-con-l-r-purple-neon-orange;https://www.powergamesenlinea.com/_sh/8/857.webp
860;45;Juegos de PS4;Square Enix;Dragon Quest Heroes II Explorer's Edition;1695.00;;;04  2018 2:35 PM;3;0;3442;https://www.powergamesenlinea.com/shop/860/desc/dragon-quest-heroes-2;https://www.powergamesenlinea.com/_sh/8/860.webp
862;45;Juegos de PS4;Square Enix;FINAL FANTASY XIV: Heavensward;995.00;;;04  2018 2:45 PM;3;0;3443;https://www.powergamesenlinea.com/shop/862/desc/final-fantasy-xiv-heavensward;https://www.powergamesenlinea.com/_sh/8/862.webp
870;63;«Amiibo»;Nintendo;Amiibo - Big Man - Splatoon Series - US Version;1395.00;;;04  2018 3:32 PM;2.5;0;3747;https://www.powergamesenlinea.com/shop/870/desc/amiibo-big-man;https://www.powergamesenlinea.com/_sh/8/870.webp
874;154;Juegos de PS5;PlayStation Studios;Demon's Souls | 009719;2595.00;;;04  2018 3:44 PM;2.5;0;4267;https://www.powergamesenlinea.com/shop/874/desc/demons-souls-ps5;https://www.powergamesenlinea.com/_sh/8/874.webp
912;65;Juegos de Nintendo Switch;Nintendo;Kirby Star Allies;3495.00;;;11  2018 2:27 PM;2;0;4351;https://www.powergamesenlinea.com/shop/912/desc/kirby-star-allies;https://www.powergamesenlinea.com/_sh/9/912.webp
913;65;Juegos de Nintendo Switch;Nintendo;Donkey Kong Country: Tropical Freeze;3495.00;;;11  2018 2:30 PM;3.67;0;11694;https://www.powergamesenlinea.com/shop/913/desc/dk-tropical-freeze;https://www.powergamesenlinea.com/_sh/9/913.webp
1729;66;Accesorios Nintendo Switch;Nintendo;Joy-Con (L)/(R) - Pastel Purple/Pastel Green | 011135;4795.00;"Ampl?a tu colecci?n con estos coloridos controles Joy-Con&trade; en colores pastel.";;29  2023 2:02 PM;4;0;2973;https://www.powergamesenlinea.com/shop/1729/desc/joy-con-pastel-purple-pastel-green;https://www.powergamesenlinea.com/_sh/17/1729.webp
1728;66;Accesorios Nintendo Switch;Nintendo;Joy-Con (L)/(R) - Pastel Pink/Pastel Yellow;4495.00;"Ampl?a tu colecci?n con estos coloridos controles Joy-Con&trade; en colores pastel.";;29  2023 1:52 PM;4;0;2759;https://www.powergamesenlinea.com/shop/1728/desc/joy-con-pastel-pink-pastel-yellow;https://www.powergamesenlinea.com/_sh/17/1728.webp
890;98;« FUNKO POP! »;Funko POP!;Animation Attack on Titan - Ymir #461;695.00;;;11  2018 1:06 PM;5;0;3109;https://www.powergamesenlinea.com/shop/890/desc/animation-attack-on-titan-ymir-461;https://www.powergamesenlinea.com/_sh/8/890.webp
892;98;« FUNKO POP! »;Funko;Funko pop Black Panther Wakanda Forever #1100 Okoye;780.00;;;11  2018 1:11 PM;5;0;3085;https://www.powergamesenlinea.com/shop/892/desc/funko-pop-wakanda-forever-okoye;https://www.powergamesenlinea.com/_sh/8/892.webp
896;98;« FUNKO POP! »;Funko;Funko POP! Boruto Naruto #1036 KAWAKI (Glow);695.00;;;11  2018 1:17 PM;1.5;0;3152;https://www.powergamesenlinea.com/shop/896/desc/funko-pop-boruto-naruto-1036-kawaki;https://www.powergamesenlinea.com/_sh/8/896.webp
904;154;Juegos de PS5;PlayStation Studios;Ratchet & Clank: Una Dimensi?n Aparte | 009991;2795.00;;;11  2018 1:43 PM;5;0;2839;https://www.powergamesenlinea.com/shop/904/desc/ratchet-clank-una-dimension-aparte;https://www.powergamesenlinea.com/_sh/9/904.webp
900;98;« FUNKO POP! »;Funko;Funko POP! Keychain: Star Wars - Darth Vader;350.00;;;11  2018 1:29 PM;3;0;3221;https://www.powergamesenlinea.com/shop/900/desc/funko-pop-keychain-star-wars-darth-vader;https://www.powergamesenlinea.com/_sh/9/900.webp
905;154;Juegos de PS5;SEGA;Yakuza: Like A Dragon - PS5;2395.00;;;11  2018 1:44 PM;3.5;0;3282;https://www.powergamesenlinea.com/shop/905/desc/yakuza-like-a-dragon-ps5;https://www.powergamesenlinea.com/_sh/9/905.webp
915;65;Juegos de Nintendo Switch;Activision;Crash Team Racing Nitro-Fueled™;1850.00;;;30  2018 7:16 PM;2.5;0;6134;https://www.powergamesenlinea.com/shop/915/desc/crash-team-nitro-fueled-sw;https://www.powergamesenlinea.com/_sh/9/915.webp
925;65;Juegos de Nintendo Switch;Square Enix;Crisis Core: Final Fantasy VII Reunion - Nintendo Switch;3595.00;;;16  2018 10:03 PM;3.6;0;6470;https://www.powergamesenlinea.com/shop/925/desc/crisis-core-final-fantasy-vii-reunion-switch;https://www.powergamesenlinea.com/_sh/9/925.webp
919;161;Accesorios PlayStation 5;Sony;"&#8205; Control PS5 - Dual Sense Edge™";12195.00;;;16  2018 9:28 PM;3.69;0;10807;https://www.powergamesenlinea.com/shop/919/desc/control-ps5-dual-sense-edge;https://www.powergamesenlinea.com/_sh/9/919.webp
921;65;Juegos de Nintendo Switch;Nintendo;New Super Mario Bros. U Deluxe;3495.00;;;16  2018 9:40 PM;4;0;8739;https://www.powergamesenlinea.com/shop/921/desc/new-super-mario-bros-u-deluxe;https://www.powergamesenlinea.com/_sh/9/921.webp
933;251;« Peluches »;The Pok?mon Company;Toy Pokemon Squirtle;1350.00;;;07  2018 6:32 PM;2.5;0;5604;https://www.powergamesenlinea.com/shop/933/desc/toy-pokemon-squirtle;https://www.powergamesenlinea.com/_sh/9/933.webp
1102;245;« JBL »;JBL Harman;JBL Go 4 - Red;3050.00;;;12  2019 2:41 PM;3.73;0;13804;https://www.powergamesenlinea.com/shop/1102/desc/jbl-go-4-red;https://www.powergamesenlinea.com/_sh/11/1102.webp
1103;63;«Amiibo»;Nintendo;"&#8205; Amiibo Yoshi | Super Mario";1650.00;;;12  2019 5:41 PM;1.67;0;5063;https://www.powergamesenlinea.com/shop/1103/desc/amiibo-yoshi-super-mario;https://www.powergamesenlinea.com/_sh/11/1103.webp
937;157;« STEEL-SERIES »;SteelSeries;SteelSeries Aerox 5 Wireless;8595.00;;;24  2018 9:06 AM;1.5;0;3326;https://www.powergamesenlinea.com/shop/937/desc/steelseries-aerox-5-wireless;https://www.powergamesenlinea.com/_sh/9/937.webp
940;193;« GAME-GEAR »;Collective Minds;Cronus Zen Control Adapter;8495.00;Para las consolas: PS4,PS5, XBOX SERIES X|S, NINTENDO SWITCH;;18  2018 1:26 PM;3.86;0;6118;https://www.powergamesenlinea.com/shop/940/desc/cronus-zen-controller-adapter;https://www.powergamesenlinea.com/_sh/9/940.webp
941;65;Juegos de Nintendo Switch;Nintendo;Octopath Traveler II - Switch;3495.00;;;18  2018 1:30 PM;3.5;0;3909;https://www.powergamesenlinea.com/shop/941/desc/octopath-traveler-2-switch;https://www.powergamesenlinea.com/_sh/9/941.webp
944;242;Accesorios Switch 2;Nintendo;Nintendo Switch™ 2 Pro Controller;5995.00;;;18  2018 1:45 PM;3.14;0;6506;https://www.powergamesenlinea.com/shop/944/desc/nintendo-switch-2-pro-controller;https://www.powergamesenlinea.com/_sh/9/944.webp
947;45;Juegos de PS4;Bandai Namco Entertainment America;Naruto to Boruto: Shinobi Striker - PS4;1495.00;;;13  2018 5:58 PM;1;0;2704;https://www.powergamesenlinea.com/shop/947/desc/naruto-to-boruto-shinobi-striker;https://www.powergamesenlinea.com/_sh/9/947.webp
948;65;Juegos de Nintendo Switch;Electronic Arts;Need for Speed: Hot Pursuit Remastered - Switch | 009614;1895.00;;;15  2018 3:02 AM;3.67;0;4406;https://www.powergamesenlinea.com/shop/948/desc/hot-pursuit-remastered-switch;https://www.powergamesenlinea.com/_sh/9/948.webp
954;45;Juegos de PS4;Capcom;Mega Man Zero/Zx Legacy Collection;1595.00;;;08  2018 10:14 AM;5;0;2283;https://www.powergamesenlinea.com/shop/954/desc/mega-man-zerozx-ps4;https://www.powergamesenlinea.com/_sh/9/954.webp
961;157;« STEEL-SERIES »;SteelSeries;SteelSeries - Apex 5 Wired Gaming Keyboard - Teclado Gamer;6750.00;;;12  2018 11:26 AM;4.4;0;2493;https://www.powergamesenlinea.com/shop/961/desc/steelseries-apex-5;https://www.powergamesenlinea.com/_sh/9/961.webp
965;241;Juegos Nintendo Switch 2;Capcom;STREET FIGHTER 6 Year 1-2 Fighters Edition;4395.00;;;19  2018 3:24 PM;3;0;2637;https://www.powergamesenlinea.com/shop/965/desc/street-fighter-6-year-1-2-fighters-edition;https://www.powergamesenlinea.com/_sh/9/965.webp
967;80;Controles PlayStation 4;Sony;Control PS4 Black (v.2.0);3995.00;;;12  2018 12:37 PM;3.11;0;8321;https://www.powergamesenlinea.com/shop/967/desc/control-ps4-black;https://www.powergamesenlinea.com/_sh/9/967.webp
2201;161;Accesorios PlayStation 5;Sony;Control DualSense PS5 30th Anniversary Limited Edition;7495.00;;;16  2025 10:06 AM;0;0;2008;https://www.powergamesenlinea.com/shop/2201/desc/control-dualsense-ps5-30th;https://www.powergamesenlinea.com/_sh/22/2201.webp
986;180;NINTENDO;Nintendo;Nintendo Switch Online 12-Month;1795.00;;;10  2018 1:15 PM;2.4;0;4295;https://www.powergamesenlinea.com/shop/986/desc/nintendo-switch-online-12-month;https://www.powergamesenlinea.com/_sh/9/986.webp
990;160;Controles PlayStation 5;Sony;Control PS5 DualSense - White;4095.00;;;10  2018 1:40 PM;3.8;0;14159;https://www.powergamesenlinea.com/shop/990/desc/control-ps5-dualsense;https://www.powergamesenlinea.com/_sh/9/990.webp
994;45;Juegos de PS4;Ubisoft;Starlink Battle For Atlas - PS4;1495.00;;;14  2018 1:04 PM;2.5;0;3100;https://www.powergamesenlinea.com/shop/994/desc/starlink-battle-for-atlas-ps4;https://www.powergamesenlinea.com/_sh/9/994.webp
996;245;« JBL »;JBL Harman;JBL Go 4 - Blue;3050.00;;;14  2018 1:07 PM;3.25;0;5875;https://www.powergamesenlinea.com/shop/996/desc/jbl-go-4-blue;https://www.powergamesenlinea.com/_sh/9/996.webp
1111;245;« JBL »;JBL Harman;"&#8205; Bocinas JBL Authentics 200";19495.00;;;21  2019 4:54 PM;1.8;0;3923;https://www.powergamesenlinea.com/shop/1111/desc/jbl-authentics-200;https://www.powergamesenlinea.com/_sh/11/1111.webp
1007;98;« FUNKO POP! »;Funko;POP Figure: Marvel Black Panther Wakanda Forever #1098 – M'Baku;695.00;;;22  2018 1:41 PM;1.8;0;2992;https://www.powergamesenlinea.com/shop/1007/desc/pop-wakanda-forever-1098-mbaku;https://www.powergamesenlinea.com/_sh/10/1007.webp
1008;98;« FUNKO POP! »;Funko Pop!;"&#8205; Funko Pop! Attack on Titan: Levi (SP-1) 1993";1295.00;;;22  2018 1:45 PM;2;0;1295;https://www.powergamesenlinea.com/shop/1008/desc/attack-on-titan-levi-1993;https://www.powergamesenlinea.com/_sh/10/1008.webp
1932;234;« RAZER »;Razer;Razer Gigantus V2 Large - Alfombrilla de mouse;2195.00;;;10  2024 4:18 PM;0;0;1897;https://www.powergamesenlinea.com/shop/1932/desc/razer-gigantus-v2-large;https://www.powergamesenlinea.com/_sh/19/1932.webp
1011;98;« FUNKO POP! »;Funko POP!;One Piece - Jinbe Normal - 1265;1095.00;;;22  2018 2:02 PM;2;0;2929;https://www.powergamesenlinea.com/shop/1011/desc/one-piece-jinbe-normal;https://www.powergamesenlinea.com/_sh/10/1011.webp
1012;98;« FUNKO POP! »;Funko;Funko Pop! - Boruto - Cho-Cho #1037;695.00;;;22  2018 2:07 PM;2;0;2920;https://www.powergamesenlinea.com/shop/1012/desc/funko-pop-boruto-cho-cho-1037;https://www.powergamesenlinea.com/_sh/10/1012.webp
1017;98;« FUNKO POP! »;Funko POP!;SQUID GAME: Player 199: Ali #1221;695.00;;;22  2018 2:26 PM;1.5;0;2898;https://www.powergamesenlinea.com/shop/1017/desc/squid-game-player-199-ali-1221;https://www.powergamesenlinea.com/_sh/10/1017.webp
1937;234;« RAZER »;Razer;Razer Viper V3 Hyperspeed Wireless Mouse;5395.00;;;23  2024 0:36 AM;0;0;2520;https://www.powergamesenlinea.com/shop/1937/desc/razer-viper-v3-hyperspeed-wireless-mouse;https://www.powergamesenlinea.com/_sh/19/1937.webp
1933;161;Accesorios PlayStation 5;KMD;Thumb Grips for PS4/PS5 PURPLE;595.00;Reflex High-Performance Controller Thumb Grips for PS4/PS5;;19  2024 1:10 PM;0;0;2080;https://www.powergamesenlinea.com/shop/1933/desc/thumb-grips-for-ps4-ps5-purple;https://www.powergamesenlinea.com/_sh/19/1933.webp
1935;234;« RAZER »;Razer;Micr?fono Razer Seiren Mini USB;4050.00;;;23  2024 0:31 AM;0;0;1929;https://www.powergamesenlinea.com/shop/1935/desc/microfono-razer-seiren-mini-usb;https://www.powergamesenlinea.com/_sh/19/1935.webp
1929;234;« RAZER »;Razer;Teclado Razer Ornata V3X;3550.00;;;10  2024 4:04 PM;0;0;2616;https://www.powergamesenlinea.com/shop/1929/desc/teclado-razer-ornata-v3x;https://www.powergamesenlinea.com/_sh/19/1929.webp
1031;98;« FUNKO POP! »;Funko;Funko Pop! Boruto: Inojin #1038;695.00;;;22  2018 3:06 PM;1.67;0;2758;https://www.powergamesenlinea.com/shop/1031/desc/funko-pop-boruto-inojin-1038;https://www.powergamesenlinea.com/_sh/10/1031.webp
1033;98;« FUNKO POP! »;Funko POP!;Player 001: Oh il-nam #1223 - Squid Game;695.00;;;22  2018 3:11 PM;1.4;0;2072;https://www.powergamesenlinea.com/shop/1033/desc/player-001-oh-il-nam-1223;https://www.powergamesenlinea.com/_sh/10/1033.webp
1036;98;« FUNKO POP! »;Funko POP!;Funko POP! Marvel - The Eternals - Phastos (736);695.00;;;22  2018 3:16 PM;2.33;0;2718;https://www.powergamesenlinea.com/shop/1036/desc/funko-pop-marvel-the-eternals-phastos-736;https://www.powergamesenlinea.com/_sh/10/1036.webp
1046;154;Juegos de PS5;Tribute Games / Dotemu;Teenage Mutant Ninja Turtles: Shredder's Revenge - PS5;2795.00;;;22  2018 9:12 PM;2.29;0;3860;https://www.powergamesenlinea.com/shop/1046/desc/ninja-turtles-shredders-revenge;https://www.powergamesenlinea.com/_sh/10/1046.webp
1048;245;« JBL »;JBL Harman;JBL Clip 5 Portable Bluetooth Speaker;3895.00;;;22  2018 9:19 PM;2.2;0;3117;https://www.powergamesenlinea.com/shop/1048/desc/jbl-clip-5-red;https://www.powergamesenlinea.com/_sh/10/1048.webp
1049;124;APPLE;Apple;[VENTA SOLO EN TIENDAS] Apple Gift Card F?SICA $50;4250.00;;;22  2018 11:34 PM;2.7;0;4857;https://www.powergamesenlinea.com/shop/1049/desc/itunes-gift-card-50;https://www.powergamesenlinea.com/_sh/10/1049.webp
1050;124;APPLE;Apple;[VENTA SOLO EN TIENDAS] Apple Gift Card F?SICA $25;0.00;;;22  2018 11:34 PM;2.89;0;10510;https://www.powergamesenlinea.com/shop/1050/desc/apple-gift-card-25;https://www.powergamesenlinea.com/_sh/10/1050.webp
1051;45;Juegos de PS4;NIS America;Demon Gaze II - PS4;2500.00;;;01  2019 9:52 AM;2;0;3759;https://www.powergamesenlinea.com/shop/1051/desc/demon-gaze-ii-ps4;https://www.powergamesenlinea.com/_sh/10/1051.webp
1057;154;Juegos de PS5;Capcom;Devil May Cry 5 Special Edition | 009724;1895.00;;;02  2019 10:12 PM;2.5;0;3923;https://www.powergamesenlinea.com/shop/1057/desc/devil-may-cry-5-special-ps5;https://www.powergamesenlinea.com/_sh/10/1057.webp
1058;58;Accesorios Xbox One / Series X/S;Nyko;SteelSeries Arctis 1 Wireless Xbox (black);6550.00;;;02  2019 10:19 PM;1.5;0;4928;https://www.powergamesenlinea.com/shop/1058/desc/steelseries-arctis-1-wireless-xbox;https://www.powergamesenlinea.com/_sh/10/1058.webp
1061;98;« FUNKO POP! »;Funko POP!;Game Of Thrones – Ser Davos Seaworth #62;780.00;;;02  2019 10:33 PM;2.6;0;3130;https://www.powergamesenlinea.com/shop/1061/desc/ser-davos-seaworth-62;https://www.powergamesenlinea.com/_sh/10/1061.webp
1062;98;« FUNKO POP! »;Funko POP!;"&#8205; Funko Pop Disney Lilo & Stitch - Stitch With Ukulele - 1044";1295.00;;;02  2019 10:36 PM;2;0;3175;https://www.powergamesenlinea.com/shop/1062/desc/lilo-and-stitch-ukulele-1044;https://www.powergamesenlinea.com/_sh/10/1062.webp
1065;245;« JBL »;JBL Harman;JBL Clip 4 Wireless - Cammo;3050.00;;;14  2019 11:12 PM;2.33;0;2565;https://www.powergamesenlinea.com/shop/1065/desc/jbl-clip-4-wireless-cammo;https://www.powergamesenlinea.com/_sh/10/1065.webp
1076;234;« RAZER »;Razer;"&#8205; Razer Barracuda X Black - (Aud?fonos Inal?mbricos)";8195.00;;;09  2019 7:09 PM;2.83;0;3044;https://www.powergamesenlinea.com/shop/1076/desc/razer-barracuda-x;https://www.powergamesenlinea.com/_sh/10/1076.webp
1077;65;Juegos de Nintendo Switch;WB Games;Mortal KOMBAT 11: Aftermath Kollection;2595.00;;;24  2019 9:47 AM;3.67;0;4238;https://www.powergamesenlinea.com/shop/1077/desc/mortal-kombat-11-switch;https://www.powergamesenlinea.com/_sh/10/1077.webp
1078;39;«Juegos»;Capcom;Mega Man X Legacy Collection 1+2 - X1;1495.00;;;25  2019 9:18 AM;2.33;0;2597;https://www.powergamesenlinea.com/shop/1078/desc/mega-man-x-legacy-collection-1-2-x1;https://www.powergamesenlinea.com/_sh/10/1078.webp
1079;234;« RAZER »;Razer;"&#8205; Micr?fono Razer Seiren MINI White Edition";4895.00;;;25  2019 9:20 AM;2.6;0;1969;https://www.powergamesenlinea.com/shop/1079/desc/razer-seiren-mini-white-edition;https://www.powergamesenlinea.com/_sh/10/1079.webp
1082;154;Juegos de PS5;Santa Monica Studio;Marvel's Midnight Suns Enhanced Edition;3895.00;;;16  2019 4:41 PM;2;0;3224;https://www.powergamesenlinea.com/shop/1082/desc/marvel-s-midnight-suns-enhanced-edition;https://www.powergamesenlinea.com/_sh/10/1082.webp
1081;45;Juegos de PS4;Bethesda;Rage 2 - PS4;1495.00;;;16  2019 4:39 PM;2.33;0;3133;https://www.powergamesenlinea.com/shop/1081/desc/rage-2-ps4;https://www.powergamesenlinea.com/_sh/10/1081.webp
1104;45;Juegos de PS4;Square Enix;Dragon Quest Builders 2;3150.00;;;18  2019 10:50 AM;1.67;0;3240;https://www.powergamesenlinea.com/shop/1104/desc/dragon-quest-builders-2;https://www.powergamesenlinea.com/_sh/11/1104.webp
1108;65;Juegos de Nintendo Switch;Nintendo;The Legend of Zelda: Skyward Sword | 006012;3595.00;;;25  2019 5:50 PM;2.67;0;3858;https://www.powergamesenlinea.com/shop/1108/desc/the-legend-of-zelda-skyward-sword;https://www.powergamesenlinea.com/_sh/11/1108.webp
1115;240;Nintendo Switch 2;Nintendo;"&#8205; Consola Nintendo Switch 2";29995.00;;;03  2019 2:21 PM;3.75;0;16901;https://www.powergamesenlinea.com/shop/1115/desc/consola-nintendo-switch-2;https://www.powergamesenlinea.com/_sh/11/1115.webp
1124;65;Juegos de Nintendo Switch;Nintendo;Burnout Paradise Remastered - Nintendo Switch;2195.00;;;14  2019 3:15 PM;1.5;0;4024;https://www.powergamesenlinea.com/shop/1124/desc/burnout-paradise-remastered-switch;https://www.powergamesenlinea.com/_sh/11/1124.webp
1121;65;Juegos de Nintendo Switch;Electronic Arts;Plants Vs Zombies Battle for Neighborville Complete Edition - Nintendo Switch;1450.00;;;14  2019 3:08 PM;1.67;0;4259;https://www.powergamesenlinea.com/shop/1121/desc/plants-vs-zombies-battle-switch;https://www.powergamesenlinea.com/_sh/11/1121.webp
1128;57;Juegos Xbox One | Series X,S;Ubisoft;Tom Clancy's Ghost Recon Breakpoint - Xbox One;1995.00;;;09  2019 4:23 PM;2;0;1685;https://www.powergamesenlinea.com/shop/1128/desc/tom-clancy-s-ghost-recon-breakpoint-x-one;https://www.powergamesenlinea.com/_sh/11/1128.webp
1130;154;Juegos de PS5;Ubisoft;Just Dance 2021 - PS5;2795.00;;;15  2019 1:44 PM;3;0;3080;https://www.powergamesenlinea.com/shop/1130/desc/just-dance-2021-ps5;https://www.powergamesenlinea.com/_sh/11/1130.webp
1131;65;Juegos de Nintendo Switch;WB Games;The Witcher 3: Wild Hunt - Complete Edition;3495.00;;;18  2019 2:51 PM;4.5;0;3665;https://www.powergamesenlinea.com/shop/1131/desc/the-witcher-3-wild-hunt-complete-edition;https://www.powergamesenlinea.com/_sh/11/1131.webp
1132;154;Juegos de PS5;2K Games;WWE 2K22 - PS5;2895.00;;;23  2019 11:02 AM;3.25;0;3663;https://www.powergamesenlinea.com/shop/1132/desc/wwe-2k22-ps5;https://www.powergamesenlinea.com/_sh/11/1132.webp
1727;154;Juegos de PS5;Activision;Crash Team Rumble Deluxe - PlayStation 5;2795.00;Crash Team Rumble es un videojuego basado en el g?nero MOBA.;;29  2023 12:17 PM;4;0;3004;https://www.powergamesenlinea.com/shop/1727/desc/crash-team-rumble-deluxe-playstation-5;https://www.powergamesenlinea.com/_sh/17/1727.webp
1726;45;Juegos de PS4;Activision;Crash Team Rumble Deluxe - PlayStation 4;2795.00;Crash Team Rumble es un videojuego basado en el g?nero MOBA.;;29  2023 12:10 PM;3;0;3331;https://www.powergamesenlinea.com/shop/1726/desc/crash-team-rumble-ps4;https://www.powergamesenlinea.com/_sh/17/1726.webp
1134;45;Juegos de PS4;Ubisoft;Just Dance 2022;2295.00;;;10  2019 11:50 AM;2;0;3016;https://www.powergamesenlinea.com/shop/1134/desc/just-dance-2022;https://www.powergamesenlinea.com/_sh/11/1134.webp
1392;65;Juegos de Nintendo Switch;ACTIVISION;Crash 4: It's About Time - SWITCH;2195.00;;;18  2021 1:33 PM;3.5;0;5909;https://www.powergamesenlinea.com/shop/1392/desc/crash-4-it-s-about-time-switch;https://www.powergamesenlinea.com/_sh/13/1392.webp
1602;251;« Peluches »;The Pok?mon Company;Toy Pokemon Plush Poke Ball;595.00;;;28  2022 1:36 PM;3;0;3611;https://www.powergamesenlinea.com/shop/1602/desc/plush-poke-ball;https://www.powergamesenlinea.com/_sh/16/1602.webp
1139;154;Juegos de PS5;Electronic Arts;Star Wars Jedi: Survivor - PS5 | 011022;3395.00;;;22  2019 12:48 PM;3;0;2986;https://www.powergamesenlinea.com/shop/1139/desc/star-wars-jedi-survivor-ps5;https://www.powergamesenlinea.com/_sh/11/1139.webp
1939;154;Juegos de PS5;Steel Wool Games, Scott Cawthon;Five Nights at Freddy's: Help Wanted 2;2795.00;;;27  2024 2:28 PM;1;0;9393;https://www.powergamesenlinea.com/shop/1939/desc/five-nights-at-freddy-s-help-wanted-2;https://www.powergamesenlinea.com/_sh/19/1939.webp
1867;98;« FUNKO POP! »;FUNKO POP!;Pokemon - Sobble #949;850.00;;;24  2024 0:08 AM;0;0;1758;https://www.powergamesenlinea.com/shop/1867/desc/pokemon-sobble-949;https://www.powergamesenlinea.com/_sh/18/1867.webp
1145;154;Juegos de PS5;Capcom;Street FIghter VI - PS5 | 011098;2050.00;;;14  2019 11:16 AM;3.43;0;13216;https://www.powergamesenlinea.com/shop/1145/desc/street-fighter-vi-ps5;https://www.powergamesenlinea.com/_sh/11/1145.webp
1148;25;«Accesorios»;Logitech;Driving Force Shifter - Compatible with G29, G920 & G923 (palanca de cambio);4095.00;;;28  2019 3:13 PM;3.5;0;2941;https://www.powergamesenlinea.com/shop/1148/desc/logitech-g-driving-force-shifter;https://www.powergamesenlinea.com/_sh/11/1148.webp
1149;65;Juegos de Nintendo Switch;Game Mill;Nickelodeon Kart Racers 2: Grand Prix - Nintendo Switch;2095.00;;;18  2020 3:07 PM;3.33;0;3624;https://www.powergamesenlinea.com/shop/1149/desc/nickelodeon-kart-racers-2-switch;https://www.powergamesenlinea.com/_sh/11/1149.webp
1150;57;Juegos Xbox One | Series X,S;Ubisoft;Just Dance 2019 - XS Series;995.00;;;18  2020 4:20 PM;2.5;0;2864;https://www.powergamesenlinea.com/shop/1150/desc/just-dance-2019-xs-series;https://www.powergamesenlinea.com/_sh/11/1150.webp
1154;251;« Peluches »;Little Buddy;"&#8205; Warp Pipe Plush 5""";2995.00;;;11  2020 1:02 PM;2.5;0;2310;https://www.powergamesenlinea.com/shop/1154/desc/warp-pipe-plush;https://www.powergamesenlinea.com/_sh/11/1154.webp
1155;245;« JBL »;JBL Harman;"&#8205; JBL Tune 720 Wireless Over-Ear Headphones Black";3995.00;;;12  2020 12:29 PM;3.67;0;1950;https://www.powergamesenlinea.com/shop/1155/desc/jbl-tune-720-wireless;https://www.powergamesenlinea.com/_sh/11/1155.webp
2261;241;Juegos Nintendo Switch 2;Nintendo;Donkey Kong Bananza - NS2;4795.00;;;24  2025 7:28 PM;5;0;1932;https://www.powergamesenlinea.com/shop/2261/desc/donkey-kong-bananza-ns2;https://www.powergamesenlinea.com/_sh/22/2261.webp
1156;147;« FIGURES »;Banpresto;"&#8205; My Hero Academia - The Evil Villains - Vol.6 Himiko Toga (MHA)";1995.00;;;12  2020 12:41 PM;2.5;0;3286;https://www.powergamesenlinea.com/shop/1156/desc/himiko-toga-mha;https://www.powergamesenlinea.com/_sh/11/1156.webp
1217;245;« JBL »;JBL Harman;"&#8205; JBL Quantum Stream Talk";3250.00;;;11  2020 12:52 PM;2.25;0;2755;https://www.powergamesenlinea.com/shop/1217/desc/jbl-quantum-stream-talk;https://www.powergamesenlinea.com/_sh/12/1217.webp
1218;65;Juegos de Nintendo Switch;Nintendo;Pok?mon Legends: Arceus;3795.00;;;11  2020 12:53 PM;3;0;5009;https://www.powergamesenlinea.com/shop/1218/desc/pokemon-legends-arceus;https://www.powergamesenlinea.com/_sh/12/1218.webp
1162;58;Accesorios Xbox One / Series X/S;Microsoft;Control Xbox Series - Heart Breaker | 013043;4595.00;;;12  2020 2:16 PM;3;0;881;https://www.powergamesenlinea.com/shop/1162/desc/control-xbox-series-heart-breaker;https://www.powergamesenlinea.com/_sh/11/1162.webp
1164;147;« FIGURES »;Banpresto;Demon Slayer Kimetsu No Yaiba No.22 Tamayo;1695.00;;;12  2020 2:29 PM;4;0;3134;https://www.powergamesenlinea.com/shop/1164/desc/kimetsu-no-yaiba-tamayo;https://www.powergamesenlinea.com/_sh/11/1164.webp
1170;224;« CARTAS POKEMON »;The Pokemon Company;"&#8205; Cartas Pokemon Battle Deck Ninetales EX";1995.00;;;12  2020 3:17 PM;1.67;0;3845;https://www.powergamesenlinea.com/shop/1170/desc/battle-deck-ninetales-ex;https://www.powergamesenlinea.com/_sh/11/1170.webp
1168;160;Controles PlayStation 5;SONY;Control DualSense PS5 - Starlight Blue;4195.00;;;12  2020 2:50 PM;3.43;0;6809;https://www.powergamesenlinea.com/shop/1168/desc/control-dualsense-ps5-starlight-blue;https://www.powergamesenlinea.com/_sh/11/1168.webp
1169;147;« FIGURES »;Banpresto / Bandai;Saint Seiya Phoenix Ikki;1695.00;;;12  2020 2:53 PM;2;0;1441;https://www.powergamesenlinea.com/shop/1169/desc/saint-seiya-phoenix-ikki;https://www.powergamesenlinea.com/_sh/11/1169.webp
1176;65;Juegos de Nintendo Switch;Nintendo;Animal Crossing: New Horizons | 009422;3495.00;;;10  2020 8:04 PM;2.9;0;8801;https://www.powergamesenlinea.com/shop/1176/desc/animal-crossing-new-horizons;https://www.powergamesenlinea.com/_sh/11/1176.webp
1183;65;Juegos de Nintendo Switch;BANDAI NAMCO Entertainment;DRAGON BALL: THE BREAKERS Special Edition;1695.00;;;26  2020 5:09 PM;2.5;0;4819;https://www.powergamesenlinea.com/shop/1183/desc/dragon-ball-the-breakers-switch;https://www.powergamesenlinea.com/_sh/11/1183.webp
1184;25;«Accesorios»;KMD;Wired Headset Instint - White;1795.00;;;04  2020 3:43 PM;2.67;0;4195;https://www.powergamesenlinea.com/shop/1184/desc/twin-charging-station-dualsense;https://www.powergamesenlinea.com/_sh/11/1184.webp
1185;154;Juegos de PS5;Square Enix;Octopath Traveler II;2995.00;;;12  2020 10:55 AM;2.8;0;2968;https://www.powergamesenlinea.com/shop/1185/desc/octopath-traveler-2-ps5;https://www.powergamesenlinea.com/_sh/11/1185.webp
1199;64;Nintendo Switch;Nintendo;"&#8205; Nintendo Switch Modelo OLED Black | 006196";17995.00;Switch Modelo OLED Black;;22  2020 8:45 PM;3.05;0;19560;https://www.powergamesenlinea.com/shop/1199/desc/switch-oled-model-black;https://www.powergamesenlinea.com/_sh/11/1199.webp
1205;234;« RAZER »;Razer;? Razer Barracuda X White - (Aud?fonos Inal?mbricos);8250.00;;;05  2020 11:52 AM;3.4;0;2096;https://www.powergamesenlinea.com/shop/1205/desc/razer-barracuda-x-white;https://www.powergamesenlinea.com/_sh/12/1205.webp
1206;63;«Amiibo»;Nintendo;Amiibo Marie (Splatoon Series);1650.00;;;05  2020 11:53 AM;2.83;0;3005;https://www.powergamesenlinea.com/shop/1206/desc/amiibo-marie;https://www.powergamesenlinea.com/_sh/12/1206.webp
1210;245;« JBL »;JBL Harman;"&#8205; Aud?fonos JBL Quantum 250 Wired";3995.00;;;07  2020 10:14 AM;3.5;0;1881;https://www.powergamesenlinea.com/shop/1210/desc/jbl-quantum-250;https://www.powergamesenlinea.com/_sh/12/1210.webp
1209;45;Juegos de PS4;2K Games;PGA TOUR 2K21 - PS4;2595.00;;;05  2020 11:57 AM;1.5;0;2674;https://www.powergamesenlinea.com/shop/1209/desc/pga-tour-2k21-ps4;https://www.powergamesenlinea.com/_sh/12/1209.webp
1229;65;Juegos de Nintendo Switch;RockStar;Grand Theft Auto: The Trilogy - The Definitive Edition | 006524;2550.00;;;08  2020 11:15 AM;3.55;0;8771;https://www.powergamesenlinea.com/shop/1229/desc/gta-trilogy-ns;https://www.powergamesenlinea.com/_sh/12/1229.webp
1236;161;Accesorios PlayStation 5;SteelSeries;Arctis 1 for PlayStation Wireless;5950.00;;;19  2020 6:40 PM;5;0;6890;https://www.powergamesenlinea.com/shop/1236/desc/arctis-1-playstation;https://www.powergamesenlinea.com/_sh/12/1236.webp
1237;157;« STEEL-SERIES »;SteelSeries;SteelSeries Rival 5 Gaming Mouse;4195.00;;;19  2020 6:46 PM;4;0;2292;https://www.powergamesenlinea.com/shop/1237/desc/rival-5-gaming-mouse;https://www.powergamesenlinea.com/_sh/12/1237.webp
1256;65;Juegos de Nintendo Switch;Nintendo;Mario Party Superstars;3495.00;;;20  2020 6:25 PM;2.5;0;5088;https://www.powergamesenlinea.com/shop/1256/desc/mario-party-superstars;https://www.powergamesenlinea.com/_sh/12/1256.webp
1257;154;Juegos de PS5;Deep Silver;The King of Fighters XV - PlayStation 5;2695.00;;;20  2020 6:28 PM;2.5;0;2374;https://www.powergamesenlinea.com/shop/1257/desc/kof-xv-ps5;https://www.powergamesenlinea.com/_sh/12/1257.webp
1620;154;Juegos de PS5;Electronic Arts;Need for Speed Unbound - PlayStation 5 | 010731;2650.00;;;08  2022 5:05 PM;2.6;0;4061;https://www.powergamesenlinea.com/shop/1620/desc/need-for-speed-unbound-playstation-5;https://www.powergamesenlinea.com/_sh/16/1620.webp
1263;159;« LEGO »;LEGO;LEGO Star Wars Boba Fett's Starship (75312);2795.00;;;20  2020 6:51 PM;1;0;1765;https://www.powergamesenlinea.com/shop/1263/desc/lego-star-wars-boba-fetts-starship;https://www.powergamesenlinea.com/_sh/12/1263.webp
1271;159;« LEGO »;LEGO;- LEGO Battle at the Ancient Village (76177);2595.00;;;20  2020 7:19 PM;2;0;2873;https://www.powergamesenlinea.com/shop/1271/desc/lego-battle-at-the-ancient-village;https://www.powergamesenlinea.com/_sh/12/1271.webp
1273;159;« LEGO »;LEGO;LEGO City Beach Lifeguard Station (60328);2995.00;;;20  2020 7:27 PM;1.33;0;1903;https://www.powergamesenlinea.com/shop/1273/desc/lego-city-beach-lifeguard-station;https://www.powergamesenlinea.com/_sh/12/1273.webp
1274;159;« LEGO »;LEGO;LEGO Jurassic Stygimoloch Dinosaur Escape (76939);3095.00;;;20  2020 7:31 PM;2.33;0;1488;https://www.powergamesenlinea.com/shop/1274/desc/lego-duplo-town-playroom-10925;https://www.powergamesenlinea.com/_sh/12/1274.webp
1275;25;«Accesorios»;BIGBEN INTERACTIVE;BB Stereo Headphones V1 Black - PS4/PS5;1195.00;;;20  2020 7:34 PM;3.14;0;4559;https://www.powergamesenlinea.com/shop/1275/desc/bb-stereo-headphones-ps4-ps5;https://www.powergamesenlinea.com/_sh/12/1275.webp
1281;154;Juegos de PS5;Team Ninja;The Nioh Collection;2795.00;;;21  2020 7:17 PM;3;0;2200;https://www.powergamesenlinea.com/shop/1281/desc/the-nioh-collection;https://www.powergamesenlinea.com/_sh/12/1281.webp
1282;159;« LEGO »;LEGO;Lego Luke Skywalker’s X-Wing Fighter™ (75301);3795.00;;;21  2020 7:22 PM;1;0;2119;https://www.powergamesenlinea.com/shop/1282/desc/luke-skywalker-s-x-wing-fighter;https://www.powergamesenlinea.com/_sh/12/1282.webp
1428;154;Juegos de PS5;Playstation Studio;Ghost of Tsushima Director's Cut;3495.00;;;16  2021 1:37 PM;3;0;2972;https://www.powergamesenlinea.com/shop/1428/desc/ghost-of-tsushima-ps5;https://www.powergamesenlinea.com/_sh/14/1428.webp
1289;159;« LEGO »;LEGO;LEGO Avengers Wrath of Loki (76152);4495.00;;;21  2020 7:57 PM;2;0;1907;https://www.powergamesenlinea.com/shop/1289/desc/lego-avengers-wrath-of-loki;https://www.powergamesenlinea.com/_sh/12/1289.webp
1293;159;« LEGO »;LEGO;Lego Imperial Shuttle™ (75302);4250.00;;;21  2020 8:15 PM;1.33;0;2039;https://www.powergamesenlinea.com/shop/1293/desc/lego-imperial-shuttle;https://www.powergamesenlinea.com/_sh/12/1293.webp
1301;159;« LEGO »;LEGO;LEGO® Marvel The Eternals In Arishem’s Shadow (76155);4250.00;;;22  2020 5:26 PM;2;0;2106;https://www.powergamesenlinea.com/shop/1301/desc/marvel-the-eternals-in-arishem-s-shadow;https://www.powergamesenlinea.com/_sh/13/1301.webp
1304;251;« Peluches »;Aurora® Store;Toy Plus Snoopy;2050.00;;;22  2020 5:53 PM;2.67;0;2806;https://www.powergamesenlinea.com/shop/1304/desc/toy-plus-snoopy;https://www.powergamesenlinea.com/_sh/13/1304.webp
1305;65;Juegos de Nintendo Switch;Nintendo;Cadence of Hyrule: Crypt of The Necrodancer Featuring The Legend of Zelda;2450.00;;;31  2020 2:32 PM;2.67;0;7260;https://www.powergamesenlinea.com/shop/1305/desc/cadence-of-hyrule;https://www.powergamesenlinea.com/_sh/13/1305.webp
1306;245;« JBL »;JBL Harman;"&#8205; JBL Tune 720BT Purple - (Aud?fonos Inal?mbricos)";3995.00;;;31  2020 2:34 PM;2.67;0;1284;https://www.powergamesenlinea.com/shop/1306/desc/jbl-tune-720bt-purple;https://www.powergamesenlinea.com/_sh/13/1306.webp
1315;66;Accesorios Nintendo Switch;PowerA;"&#8205; Wired Control - Mushroom Kingdom Friends";1695.00;;;07  2020 9:42 PM;3.2;0;5243;https://www.powergamesenlinea.com/shop/1315/desc/control-wired-mushroom-kingdom-friends;https://www.powergamesenlinea.com/_sh/13/1315.webp
1318;224;« CARTAS POKEMON »;The Pokemon Company;"&#8205; Cartas Pokemon Battle Deck Zapdos/Miraidon EX";1995.00;;;07  2020 10:00 PM;4;0;5490;https://www.powergamesenlinea.com/shop/1318/desc/battle-deck-zapdos-miraidon-ex;https://www.powergamesenlinea.com/_sh/13/1318.webp
1338;45;Juegos de PS4;SEGA;Yakuza: Like a Dragon - Day Ichi Edition;2695.00;;;23  2020 3:43 PM;2;0;3293;https://www.powergamesenlinea.com/shop/1338/desc/yakuza-like-a-dragon-day-ichi-edition;https://www.powergamesenlinea.com/_sh/13/1338.webp
1324;66;Accesorios Nintendo Switch;PowerA;"&#8205; Wired Controller - Princess Peach Battle";2050.00;;;07  2020 10:49 PM;5;0;5636;https://www.powergamesenlinea.com/shop/1324/desc/wired-control-princess-peach;https://www.powergamesenlinea.com/_sh/13/1324.webp
1326;26;«Accesorios»;Nintendo;Mario Kart Live: Home Circuit -Mario Set;8395.00;;;12  2020 5:31 PM;5;0;4472;https://www.powergamesenlinea.com/shop/1326/desc/mario-kart-live-home-circuit-mario-set;https://www.powergamesenlinea.com/_sh/13/1326.webp
1327;161;Accesorios PlayStation 5;Sony;Headset – Grey Camouflage - PS5 & PS4;5795.00;;;14  2020 2:07 PM;3.11;0;5580;https://www.powergamesenlinea.com/shop/1327/desc/pulse-3d-headset-cammo;https://www.powergamesenlinea.com/_sh/13/1327.webp
1331;161;Accesorios PlayStation 5;Sony;Control DualSense PS5 – Midnight Black;4195.00;;;19  2020 3:47 PM;3.29;0;6654;https://www.powergamesenlinea.com/shop/1331/desc/dualsense-ps5-black;https://www.powergamesenlinea.com/_sh/13/1331.webp
1337;45;Juegos de PS4;Ubisoft;Assassin’s Creed Valhalla - PS4;1795.00;;;23  2020 3:41 PM;1.5;0;5294;https://www.powergamesenlinea.com/shop/1337/desc/assassin-s-creed-valhalla-ps4;https://www.powergamesenlinea.com/_sh/13/1337.webp
1359;147;« FIGURES »;SEGA;"Mitsuri Kanroji ""Demon Slayer: Kimetsu no Yaiba""";2395.00;;;05  2021 10:28 PM;3;0;3267;https://www.powergamesenlinea.com/shop/1359/desc/mitsuri-kanroji-demon-slayer;https://www.powergamesenlinea.com/_sh/13/1359.webp
1356;65;Juegos de Nintendo Switch;SEGA;Shin Megami Tensei V: Standard Edition;3495.00;;;05  2021 10:23 PM;2.67;0;3169;https://www.powergamesenlinea.com/shop/1356/desc/shin-megami-tensei-v;https://www.powergamesenlinea.com/_sh/13/1356.webp
1353;147;« FIGURES »;Banpresto;Bleach Ichigo Kurosaki;1795.00;;;05  2021 5:20 PM;2;0;1590;https://www.powergamesenlinea.com/shop/1353/desc/bleach-ichigo-kurosaki;https://www.powergamesenlinea.com/_sh/13/1353.webp
1369;45;Juegos de PS4;Sony Interactive Entertainment;Tom Clancy's Rainbow Six Extraction - PS4;1795.00;;;09  2021 11:41 PM;2.67;0;2826;https://www.powergamesenlinea.com/shop/1369/desc/rainbow-six-extraction-ps4;https://www.powergamesenlinea.com/_sh/13/1369.webp
1373;65;Juegos de Nintendo Switch;Nintendo;Super Mario 3D World + Bowser's Fury | 009766;3650.00;;;12  2021 5:12 PM;3.5;0;4434;https://www.powergamesenlinea.com/shop/1373/desc/super-mario-3d-world-bowser-s-fury;https://www.powergamesenlinea.com/_sh/13/1373.webp
1374;63;«Amiibo»;Nintendo;Amiibo - Simon - Super Smash Bros. Series - Switch;1350.00;;;01  2021 3:21 PM;4.6;0;5925;https://www.powergamesenlinea.com/shop/1374/desc/amiibo-simon;https://www.powergamesenlinea.com/_sh/13/1374.webp
1967;98;« FUNKO POP! »;Funko Pop!;Harry Potter - Albus Dumbledore #15;895.00;;;24  2024 12:15 PM;0;0;1240;https://www.powergamesenlinea.com/shop/1967/desc/albus-dumbledore-15;https://www.powergamesenlinea.com/_sh/19/1967.webp
1393;65;Juegos de Nintendo Switch;Nintendo;Mario Golf: Super Rush;3495.00;;;02  2021 1:50 PM;3;0;4515;https://www.powergamesenlinea.com/shop/1393/desc/mario-golf-super-rush;https://www.powergamesenlinea.com/_sh/13/1393.webp
1389;154;Juegos de PS5;PlayStation Studios - San Diego Studio;MLB® The Show™ 24 - PS5;3495.00;;;16  2021 1:39 AM;3.5;0;3613;https://www.powergamesenlinea.com/shop/1389/desc/mlb-the-show-24-ps5;https://www.powergamesenlinea.com/_sh/13/1389.webp
1390;154;Juegos de PS5;PlayStation Studios;Returnal - PS5;3995.00;;;16  2021 1:42 AM;2;0;2751;https://www.powergamesenlinea.com/shop/1390/desc/returnal-ps5;https://www.powergamesenlinea.com/_sh/13/1390.webp
1394;179;ROBLOX;Roblox;Roblox Gift Card $10 Digital - (for Robux);995.00;-;;07  2021 1:44 PM;3.58;0;6866;https://www.powergamesenlinea.com/shop/1394/desc/roblox-gift-card-10;https://www.powergamesenlinea.com/_sh/13/1394.webp
1685;98;« FUNKO POP! »;Funko POP!;"&#8205; Funko Pop! Solo Leveling - Yoo Jinho 1984";1295.00;;;01  2023 6:14 PM;1;0;1820;https://www.powergamesenlinea.com/shop/1685/desc/solo-leveling-yoo-jinho-1984;https://www.powergamesenlinea.com/_sh/16/1685.webp
1687;98;« FUNKO POP! »;Funko POP!;- Funko Pop Kami - 952;695.00;;;01  2023 6:20 PM;1;0;2591;https://www.powergamesenlinea.com/shop/1687/desc/funko-pop-kami-952;https://www.powergamesenlinea.com/_sh/16/1687.webp
1395;179;ROBLOX;Roblox;Roblox Gift Card $25 Digital - (for Robux);2250.00;-;;07  2021 1:47 PM;3.49;0;25136;https://www.powergamesenlinea.com/shop/1395/desc/roblox-gift-card-25;https://www.powergamesenlinea.com/_sh/13/1395.webp
1681;98;« FUNKO POP! »;Funko Pop!;Piece Pop! Animation Luffy Kimono;1095.00;;;01  2023 5:35 PM;3;0;1539;https://www.powergamesenlinea.com/shop/1681/desc/piece-pop-animation-luffy-kimono-921;https://www.powergamesenlinea.com/_sh/16/1681.webp
1928;234;« RAZER »;Razer;Razer Wired Headset - Electric Volt;4095.00;;;10  2024 4:00 PM;0;0;1717;https://www.powergamesenlinea.com/shop/1928/desc/razer-kaira-wired-headset-for-xbox-electric-volt;https://www.powergamesenlinea.com/_sh/19/1928.webp
1683;98;« FUNKO POP! »;Funko Pop!;- One Piece - Roronoa Zoro - 923;1195.00;;;01  2023 5:48 PM;4.5;0;2186;https://www.powergamesenlinea.com/shop/1683/desc/one-piece-roronoa-zoro-923;https://www.powergamesenlinea.com/_sh/16/1683.webp
1397;251;« Peluches »;The Pok?mon Company;Toy Plush Pokemon Eevee;1050.00;;;12  2021 11:38 AM;2.96;0;9633;https://www.powergamesenlinea.com/shop/1397/desc/plush-pokemon-eevee;https://www.powergamesenlinea.com/_sh/13/1397.webp
2413;251;« Peluches »;Little Buddy;Toy Mario Green Joshy;1195.00;;;08  2026 11:29 PM;0;0;572;https://www.powergamesenlinea.com/shop/2413/desc/toy-mario-green-joshy;https://www.powergamesenlinea.com/_sh/24/2413.webp
1399;65;Juegos de Nintendo Switch;SEGA;Super Monkey Ball: Banana Blitz HD Double Pack;2495.00;;;15  2021 9:23 PM;3;0;3274;https://www.powergamesenlinea.com/shop/1399/desc/super-monkey-ball-banana-blitz;https://www.powergamesenlinea.com/_sh/13/1399.webp
1401;154;Juegos de PS5;EA Originals;Wild Hearts;3895.00;;;15  2021 9:35 PM;5;0;2970;https://www.powergamesenlinea.com/shop/1401/desc/wild-hearts-ps5;https://www.powergamesenlinea.com/_sh/14/1401.webp
1402;61;Accesorios PS4;Sony;DualShock 4 Back Button Attachment;1950.00;;;21  2021 7:42 PM;3.29;0;3612;https://www.powergamesenlinea.com/shop/1402/desc/button-attachment;https://www.powergamesenlinea.com/_sh/14/1402.webp
1405;181;PLAYSTATION;Sony;[VENTA SOLO EN TIENDA] Gift Card F?SICA $100 PlayStation;0.00;;;19  2021 5:10 PM;4;0;2857;https://www.powergamesenlinea.com/shop/1405/desc/100-playstation-store-gift-card-ps3-ps4-ps-vita;https://www.powergamesenlinea.com/_sh/14/1405.webp
1424;160;Controles PlayStation 5;Sony;Control DualSense PS5 – Cosmic Red;4195.00;Explora nuevas fronteras de juegos en tu consola PS5 con el control inal?mbrico DualSense Cosmic Red.;;25  2021 9:01 PM;3.12;0;28798;https://www.powergamesenlinea.com/shop/1424/desc/control-dualsense-ps5-cosmic-red;https://www.powergamesenlinea.com/_sh/14/1424.webp
1408;57;Juegos Xbox One | Series X,S;BANDAI NAMCO Entertainment;Naruto to Boruto: Shinobi Striker;1350.00;;;25  2021 5:26 PM;3;0;3678;https://www.powergamesenlinea.com/shop/1408/desc/naruto-to-boruto-shinobi-striker;https://www.powergamesenlinea.com/_sh/14/1408.webp
1410;65;Juegos de Nintendo Switch;Nintendo;Pokemon Shining Pearl;3495.00;;;25  2021 5:48 PM;4;0;3715;https://www.powergamesenlinea.com/shop/1410/desc/pokemon-shining-pearl;https://www.powergamesenlinea.com/_sh/14/1410.webp
1411;66;Accesorios Nintendo Switch;SandDisk;MEMORIA SanDisk 256GB microSDXC-Card - (SD Memory);2895.00;;;25  2021 5:50 PM;2;0;3984;https://www.powergamesenlinea.com/shop/1411/desc/sandisk-256gb-microsdxc-card;https://www.powergamesenlinea.com/_sh/14/1411.webp
1415;57;Juegos Xbox One | Series X,S;Bethesda;Elder Scrolls Online: Tamriel Unlimited;995.00;;;25  2021 6:34 PM;2;0;3096;https://www.powergamesenlinea.com/shop/1415/desc/elder-scrolls-online;https://www.powergamesenlinea.com/_sh/14/1415.webp
1416;161;Accesorios PlayStation 5;Sony;Headset Pulse Elite - Midnight Black | 012412;9295.00;;;25  2021 6:37 PM;5;0;3064;https://www.powergamesenlinea.com/shop/1416/desc/headset-pulse-elite-midnight-black;https://www.powergamesenlinea.com/_sh/14/1416.webp
1417;181;PLAYSTATION;Sony;[PSN Digital Code] $50 PlayStation Store Gift Card;4095.00;;;25  2021 8:31 PM;2.67;0;7990;https://www.powergamesenlinea.com/shop/1417/desc/psn-digital-code-50;https://www.powergamesenlinea.com/_sh/14/1417.webp
1419;181;PLAYSTATION;Sony;[PSN Digital Code] $25 PlayStation Store Gift Card;2200.00;;;25  2021 8:42 PM;3;0;5137;https://www.powergamesenlinea.com/shop/1419/desc/psn-digital-code-25;https://www.powergamesenlinea.com/_sh/14/1419.webp
1420;181;PLAYSTATION;Sony;[PSN Digital Code] $10 PlayStation Store Gift Card;995.00;;;25  2021 8:43 PM;3;0;5571;https://www.powergamesenlinea.com/shop/1420/desc/psn-digital-code-10;https://www.powergamesenlinea.com/_sh/14/1420.webp
1430;182;XBOX LIVE;Microsoft;Xbox Game Pass 6 Months;4295.00;;;23  2021 7:57 PM;4.33;0;3620;https://www.powergamesenlinea.com/shop/1430/desc/xbox-game-pass-6-months;https://www.powergamesenlinea.com/_sh/14/1430.webp
1431;65;Juegos de Nintendo Switch;BANDAI NAMCO Entertainment;Dragon Ball Z: Kakarot + A New Power Awakes Set | 006164;2595.00;;;28  2021 10:46 PM;5;0;5144;https://www.powergamesenlinea.com/shop/1431/desc/dragon-ball-z-kakarot-switch;https://www.powergamesenlinea.com/_sh/14/1431.webp
1439;154;Juegos de PS5;Bethesda;DEATHLOOP Standard Edition;2550.00;;;14  2021 11:44 PM;3;0;3372;https://www.powergamesenlinea.com/shop/1439/desc/deathloop-standard-ps5;https://www.powergamesenlinea.com/_sh/14/1439.webp
1826;154;Juegos de PS5;2k Games;Mafia: The Old Country - PS5 | 012774;3495.00;;;13  2023 1:26 PM;5;0;5623;https://www.powergamesenlinea.com/shop/1826/desc/mafia-the-old-country-ps5;https://www.powergamesenlinea.com/_sh/18/1826.webp
1827;161;Accesorios PlayStation 5;Sony;Earbus Explore PS5 - Midnight Black |012413;12995.00;;;13  2023 1:28 PM;3.5;0;5139;https://www.powergamesenlinea.com/shop/1827/desc/earbus-explore-ps5-midnight-black;https://www.powergamesenlinea.com/_sh/18/1827.webp
1437;154;Juegos de PS5;Ubisoft;Far Cry 6 - Standard Edition;2095.00;;;13  2021 4:45 PM;5;0;3139;https://www.powergamesenlinea.com/shop/1437/desc/far-cry-6-ps5;https://www.powergamesenlinea.com/_sh/14/1437.webp
1438;154;Juegos de PS5;Supergiant Games;Hades - PS5;1995.00;;;14  2021 11:43 PM;5;0;2905;https://www.powergamesenlinea.com/shop/1438/desc/hades-ps5;https://www.powergamesenlinea.com/_sh/14/1438.webp
1444;63;«Amiibo»;Nintendo;Amiibo - Isabelle Summer Outfit;1295.00;;;28  2021 11:31 AM;4;0;2862;https://www.powergamesenlinea.com/shop/1444/desc/amiibo-isabelle-summer-outfit;https://www.powergamesenlinea.com/_sh/14/1444.webp
1445;66;Accesorios Nintendo Switch;RDS Industries;"?&#8205;Travel Case Deluxe Red - All System";1695.00;;;28  2021 11:35 AM;4;0;2748;https://www.powergamesenlinea.com/shop/1445/desc/travel-case-deluxe-red-all-system;https://www.powergamesenlinea.com/_sh/14/1445.webp
1450;159;« LEGO »;Lego;Mopar Dodge//SRT Top Fuel Dragster and 1970 Dodge Challenger (76904);3850.00;;;28  2021 3:54 PM;4;0;1809;https://www.powergamesenlinea.com/shop/1450/desc/mopar-dodge-srt-top-fuel;https://www.powergamesenlinea.com/_sh/14/1450.webp
1451;234;« RAZER »;Razer;"&#8205; Micr?fono Razer Seiren V3 Mini Quartz Edition";3995.00;;;28  2021 4:02 PM;2.5;0;2072;https://www.powergamesenlinea.com/shop/1451/desc/razer-seiren-v3-mini-quartz-edition;https://www.powergamesenlinea.com/_sh/14/1451.webp
1466;63;«Amiibo»;Nintendo;"&#8205; Amiibo Bowser - (SuperMario Series)";1495.00;;;28  2021 6:56 PM;5;0;5587;https://www.powergamesenlinea.com/shop/1466/desc/amiibo-super-mario-bowser;https://www.powergamesenlinea.com/_sh/14/1466.webp
1467;159;« LEGO »;Lego;LEGO Super Mario Guarded Fortress Expansion Set (71362);3750.00;;;28  2021 6:59 PM;3.5;0;1463;https://www.powergamesenlinea.com/shop/1467/desc/lego-super-mario-guarded-fortress-expansion-set-71362;https://www.powergamesenlinea.com/_sh/14/1467.webp
1469;159;« LEGO »;Lego;LEGO Desert Pokey Expansion Set 71363 | Super Mario™;1595.00;;;28  2021 7:08 PM;0;0;4703;https://www.powergamesenlinea.com/shop/1469/desc/lego-desert-pokey-expansion-set-71363-lego-super-mario;https://www.powergamesenlinea.com/_sh/14/1469.webp
1471;159;« LEGO »;Lego;LEGO Whomp's Lava Trouble Expansion Set (71364);1550.00;;;28  2021 7:16 PM;2.5;0;1457;https://www.powergamesenlinea.com/shop/1471/desc/lego-whomp-s-lava-trouble-expansion-set-71364;https://www.powergamesenlinea.com/_sh/14/1471.webp
1474;159;« LEGO »;Lego;LEGO Mandalorian Starfighter™ (75316);4495.00;;;28  2021 7:27 PM;2;0;1619;https://www.powergamesenlinea.com/shop/1474/desc/lego-mandalorian-starfighter;https://www.powergamesenlinea.com/_sh/14/1474.webp
1475;159;« LEGO »;Lego;LEGO Super Mario Propeller Mario Power-Up Pack (71371);795.00;;;28  2021 7:31 PM;5;0;1736;https://www.powergamesenlinea.com/shop/1475/desc/lego-super-mario-propeller-mario-power-up-pack-71371;https://www.powergamesenlinea.com/_sh/14/1475.webp
1477;159;« LEGO »;Lego;Lego Demolition Stunt Bike (60297);695.00;;;28  2021 7:41 PM;4;0;1634;https://www.powergamesenlinea.com/shop/1477/desc/lego-demolition-stunt-bike-60297;https://www.powergamesenlinea.com/_sh/14/1477.webp
1478;159;« LEGO »;Lego;LEGO City Fire Rescue Helicopter Firefighter (60281);2950.00;;;28  2021 7:45 PM;5;0;1427;https://www.powergamesenlinea.com/shop/1478/desc/lego-city-fire-rescue-helicopter-firefighter-60281;https://www.powergamesenlinea.com/_sh/14/1478.webp
1479;159;« LEGO »;Lego;LEGO - Star Wars Yoda (75255);7895.00;;;28  2021 7:45 PM;2;0;1963;https://www.powergamesenlinea.com/shop/1479/desc/lego-star-wars-yoda-75255;https://www.powergamesenlinea.com/_sh/14/1479.webp
1480;159;« LEGO »;Lego;LEGO Thwomp Drop Expansion Set | Super Mario™ (71376);2995.00;;;28  2021 7:48 PM;0;0;5284;https://www.powergamesenlinea.com/shop/1480/desc/lego-thwomp-drop-expansion-set-super-mario-71376;https://www.powergamesenlinea.com/_sh/14/1480.webp
1484;63;«Amiibo»;Nintendo;Amiibo Inkling Boy 2;1650.00;;;28  2021 8:14 PM;3;0;1383;https://www.powergamesenlinea.com/shop/1484/desc/amiibo-inkling-boy-2;https://www.powergamesenlinea.com/_sh/14/1484.webp
1486;63;«Amiibo»;Nintendo;"&#8205; Amiibo Mario - (SuperMario Series)";1495.00;;;28  2021 8:18 PM;3;0;3533;https://www.powergamesenlinea.com/shop/1486/desc/amiibo-mario-smash-brothers-ultimate;https://www.powergamesenlinea.com/_sh/14/1486.webp
1510;154;Juegos de PS5;SEGA;Persona 5 Royal: Standard Edition;3695.00;;;18  2021 5:54 PM;4;0;2566;https://www.powergamesenlinea.com/shop/1510/desc/persona-5-royal-ps5;https://www.powergamesenlinea.com/_sh/15/1510.webp
1492;65;Juegos de Nintendo Switch;Grasshopper Manufacture;No More Heroes III;3495.00;;;04  2021 6:28 PM;5;0;3398;https://www.powergamesenlinea.com/shop/1492/desc/no-more-heroes-iii;https://www.powergamesenlinea.com/_sh/14/1492.webp
1497;147;« FIGURES »;Banpresto / Bandai;Dragon Ball Z Resolution of Soldiers Vol.5 Trunks;1795.00;;;18  2021 3:33 PM;5;0;2627;https://www.powergamesenlinea.com/shop/1497/desc/dragon-ball-z-resolution-of-soldiers-vol-5-trunks;https://www.powergamesenlinea.com/_sh/14/1497.webp
1500;45;Juegos de PS4;Capcom;Mega Man Battle Network Legacy Collection - PS4;3650.00;;;18  2021 4:26 PM;2.5;0;2468;https://www.powergamesenlinea.com/shop/1500/desc/mega-man-battle-network-legacy-ps4;https://www.powergamesenlinea.com/_sh/15/1500.webp
1501;147;« FIGURES »;Banpresto / Bandai;New Sasuke Uchiha NARUTO Grandista Manga Dimensions;4195.00;;;18  2021 4:39 PM;3;0;1958;https://www.powergamesenlinea.com/shop/1501/desc/new-sasuke-uchiha-grandista-manga-dimensions;https://www.powergamesenlinea.com/_sh/15/1501.webp
1504;58;Accesorios Xbox One / Series X/S;Microsoft;Control Xbox Series - Ice Breaker | 013044;4595.00;;;18  2021 4:49 PM;3;0;1212;https://www.powergamesenlinea.com/shop/1504/desc/control-xbox-series-ice-breaker;https://www.powergamesenlinea.com/_sh/15/1504.webp
1506;147;« FIGURES »;Banpresto;"&#8205; One Piece Sabo Chronicle Master Stars";2295.00;;;18  2021 5:11 PM;2;0;3807;https://www.powergamesenlinea.com/shop/1506/desc/one-piece-sabo-chronicle-master-stars;https://www.powergamesenlinea.com/_sh/15/1506.webp
1507;147;« FIGURES »;Bandai Spirits CO., LTD.;Demon Slayer: Kimetsu no Yaiba Demon Series Vol.4 Akaza;1695.00;;;18  2021 5:18 PM;2.5;0;2561;https://www.powergamesenlinea.com/shop/1507/desc/demon-slayer-kimetsu-no-yaiba;https://www.powergamesenlinea.com/_sh/15/1507.webp
1508;147;« FIGURES »;Banpresto / Bandal;Demon Slayer Kimetsu no Yaiba Figure Enmu;1795.00;;;18  2021 5:29 PM;3;0;2869;https://www.powergamesenlinea.com/shop/1508/desc/kimetsu-no-yaiba-figure-enmu;https://www.powergamesenlinea.com/_sh/15/1508.webp
1509;45;Juegos de PS4;Polyphony Digital - PlayStation Studio;Gran Turismo 7 Launch Edition | 010002;2595.00;;;18  2021 5:36 PM;2.5;0;2896;https://www.powergamesenlinea.com/shop/1509/desc/gran-turismo-7-launch-edition;https://www.powergamesenlinea.com/_sh/15/1509.webp
1514;147;« FIGURES »;Banpresto;Boruto Naruto Next Generations Vibration Stars-Uchiha Sasuke;1695.00;;;18  2021 6:34 PM;4;0;2495;https://www.powergamesenlinea.com/shop/1514/desc/banpresto-uchiha-sasuke;https://www.powergamesenlinea.com/_sh/15/1514.webp
1512;147;« FIGURES »;Banpresto / Bandai;Demon Slayer Kimetsu no Yaiba Sabito;1695.00;;;18  2021 6:11 PM;4.67;0;2523;https://www.powergamesenlinea.com/shop/1512/desc/kimetsu-no-yaiba-sabito;https://www.powergamesenlinea.com/_sh/15/1512.webp
1516;147;« FIGURES »;Banpresto / Bandai;"&#8205; My Hero Academia - Tomura Shigaraki Vol. 4";1995.00;;;18  2021 6:47 PM;2;0;2797;https://www.powergamesenlinea.com/shop/1516/desc/my-hero-academia-tomura-shigaraki;https://www.powergamesenlinea.com/_sh/15/1516.webp
1517;57;Juegos Xbox One | Series X,S;2K Sports;NBA 2K25 - XBX;2995.00;;;18  2021 6:51 PM;2;0;2318;https://www.powergamesenlinea.com/shop/1517/desc/nba2k25-xbx;https://www.powergamesenlinea.com/_sh/15/1517.webp
1519;161;Accesorios PlayStation 5;Sony;Control DualSense PS5 - Techno Remix Green | 013318;5295.00;;;07  2021 2:32 PM;5;0;5611;https://www.powergamesenlinea.com/shop/1519/desc/control-ps5-remix-green;https://www.powergamesenlinea.com/_sh/15/1519.webp
2479;98;« FUNKO POP! »;Funko Pop!;Demon Slayer - Tanjiro Kamado Sumi-Ink #2190;1295.00;;;10  2026 5:20 PM;0;0;165;https://www.powergamesenlinea.com/shop/2479/desc/demon-slayer-tanjiro-kamado-sumi-ink-2190;https://www.powergamesenlinea.com/_sh/24/2479.webp
2480;98;« FUNKO POP! »;Funko Pop!;Demon Slayer - Inosuke Hashibira Sumi-Ink #2193;1295.00;;;10  2026 5:35 PM;0;0;138;https://www.powergamesenlinea.com/shop/2480/desc/demon-slayer-inosuke-hashibira-sumi-ink-2193;https://www.powergamesenlinea.com/_sh/24/2480.webp
2481;98;« FUNKO POP! »;Funko Pop!;Demon Slayer - Kyojuro Rengoku Sumi-Ink #2194;1295.00;;;10  2026 5:37 PM;0;0;174;https://www.powergamesenlinea.com/shop/2481/desc/demon-slayer-kyojuro-rengoku-sumi-ink-2194;https://www.powergamesenlinea.com/_sh/24/2481.webp
2482;98;« FUNKO POP! »;Funko Pop!;One Piece - Nico Robin #2233;1295.00;;;10  2026 5:40 PM;0;0;207;https://www.powergamesenlinea.com/shop/2482/desc/one-piece-nico-robin-2233;https://www.powergamesenlinea.com/_sh/24/2482.webp
2483;98;« FUNKO POP! »;Funko Pop!;One Piece - Franky with Sunglasses #2232;1295.00;;;10  2026 5:41 PM;0;0;161;https://www.powergamesenlinea.com/shop/2483/desc/one-piece-franky-with-sunglasses-2232;https://www.powergamesenlinea.com/_sh/24/2483.webp
2484;98;« FUNKO POP! »;Funko Pop!;One Piece - Brook #2231;1295.00;;;10  2026 5:44 PM;0;0;255;https://www.powergamesenlinea.com/shop/2484/desc/one-piece-brook-2231;https://www.powergamesenlinea.com/_sh/24/2484.webp
2485;98;« FUNKO POP! »;Funko Pop!;Pokemon - Zoroark #1156;1295.00;;;10  2026 5:45 PM;1;0;270;https://www.powergamesenlinea.com/shop/2485/desc/pokemon-zoroark-1156;https://www.powergamesenlinea.com/_sh/24/2485.webp
2486;242;Accesorios Switch 2;HORI;Case Mario NSX-114 - Nintendo Switch 2;2195.00;;;10  2026 5:58 PM;0;0;642;https://www.powergamesenlinea.com/shop/2486/desc/case-mario-nsx-114-nintendo-switch-2;https://www.powergamesenlinea.com/_sh/24/2486.webp
2487;242;Accesorios Switch 2;HORI;Game Card Case 24 NSX-009 - NS2;995.00;;;10  2026 6:06 PM;0;0;400;https://www.powergamesenlinea.com/shop/2487/desc/game-card-case-24-nsx-009-ns2;https://www.powergamesenlinea.com/_sh/24/2487.webp
2488;26;«Accesorios»;;Carrying Case & Screen Protector - Nintendo Switch Oled;1395.00;;;10  2026 8:31 PM;0;0;586;https://www.powergamesenlinea.com/shop/2488/desc/carrying-case-screen-protector-nintendo-switch-oled;https://www.powergamesenlinea.com/_sh/24/2488.webp
1521;58;Accesorios Xbox One / Series X/S;Microsoft;Xbox Core Wireless Controller – Deep Pink;3695.00;;;28  2021 10:22 AM;4;0;4109;https://www.powergamesenlinea.com/shop/1521/desc/xbox-core-wireless-controller-deep-pink;https://www.powergamesenlinea.com/_sh/15/1521.webp
1522;45;Juegos de PS4;Rockstar Games;Grand Theft Auto: The Trilogy - The Definitive Edition (GTA Trilogy);1495.00;;;28  2021 11:03 AM;3;0;3153;https://www.powergamesenlinea.com/shop/1522/desc/grand-theft-auto-the-trilogy-the-definitive-edition;https://www.powergamesenlinea.com/_sh/15/1522.webp
1523;154;Juegos de PS5;Rockstar Games;Grand Theft Auto V - GTA PS5 | 010208;1795.00;;;28  2021 11:06 AM;4;0;3398;https://www.powergamesenlinea.com/shop/1523/desc/gta-5-ps5;https://www.powergamesenlinea.com/_sh/15/1523.webp
1877;63;«Amiibo»;Nintendo;Amiibo Donkey Kong SSB;2095.00;;;18  2024 7:40 PM;0;0;2032;https://www.powergamesenlinea.com/shop/1877/desc/amiibo-donkey-kong-ssb;https://www.powergamesenlinea.com/_sh/18/1877.webp
1526;147;« FIGURES »;Banpresto / Bandai;Demon Slayer Tanjiro Kamado Ver. B - Vol. 6;1795.00;;;06  2022 6:56 PM;4;0;2393;https://www.powergamesenlinea.com/shop/1526/desc/demon-slayer-tanjiro-kamado;https://www.powergamesenlinea.com/_sh/15/1526.webp
1528;147;« FIGURES »;Banpresto / Bandai;My Hero Academia: The Evil Villains - Tomura Shigaraki;1695.00;;;06  2022 7:51 PM;2;0;1946;https://www.powergamesenlinea.com/shop/1528/desc/my-hero-academia-the-evil-villains-tomura-shigaraki;https://www.powergamesenlinea.com/_sh/15/1528.webp
1530;161;Accesorios PlayStation 5;Sony;DualSense Charging Station - PS5;2995.00;;;20  2022 5:27 PM;3.14;0;4061;https://www.powergamesenlinea.com/shop/1530/desc/dualsense-charging-station;https://www.powergamesenlinea.com/_sh/15/1530.webp
1533;154;Juegos de PS5;Techland - Square Enix;Dying Light 2 Stay Human;3695.00;;;10  2022 7:10 PM;5;0;2744;https://www.powergamesenlinea.com/shop/1533/desc/dying-light-2-stay-human;https://www.powergamesenlinea.com/_sh/15/1533.webp
1534;65;Juegos de Nintendo Switch;Rockstar Games;Grand Theft Auto: The Trilogy - The Definitive Edition (GTA Trilogy);3695.00;;;17  2022 5:08 PM;3.75;0;4944;https://www.powergamesenlinea.com/shop/1534/desc/grand-theft-auto-the-trilogy-the-definitive-edition;https://www.powergamesenlinea.com/_sh/15/1534.webp
1540;28;«Accesorios»;Paladone;Xbox Achievement Light;2150.00;;;08  2022 6:52 PM;4.5;0;2902;https://www.powergamesenlinea.com/shop/1540/desc/xbox-achievement-light;https://www.powergamesenlinea.com/_sh/15/1540.webp
1541;58;Accesorios Xbox One / Series X/S;Logitech;Logitech G920 Racing Wheel Xbox Series X|S/Xbox One/PC - (Volante, Guia, Volantes);20295.00;;;08  2022 9:57 PM;3.25;0;5347;https://www.powergamesenlinea.com/shop/1541/desc/g920-wheel-pedals;https://www.powergamesenlinea.com/_sh/15/1541.webp
1542;161;Accesorios PlayStation 5;Logitech;Logitech G923 TrueForce Racing Wheel and Pedals - PS5/PS4/ - (Volante, Guia, Volantes);26950.00;;;08  2022 10:07 PM;4.14;0;6768;https://www.powergamesenlinea.com/shop/1542/desc/volante-trueforce-g923;https://www.powergamesenlinea.com/_sh/15/1542.webp
1547;98;« FUNKO POP! »;Funko Pop!;Funko POP! Tsunade #730;695.00;;;23  2022 3:12 PM;5;0;1755;https://www.powergamesenlinea.com/shop/1547/desc/funko-pop-tsunade-730;https://www.powergamesenlinea.com/_sh/15/1547.webp
1551;242;Accesorios Switch 2;Samsung;MicroSD Express Card – 256GB for Nintendo Switch™ 2;4695.00;;;05  2022 8:45 PM;4.67;0;3499;https://www.powergamesenlinea.com/shop/1551/desc/microsd-express-256-nintendo-switch-2;https://www.powergamesenlinea.com/_sh/15/1551.webp
1553;63;«Amiibo»;Nintendo;Amiibo Ganondorf No.41 (Super Smash Bros. Series);1650.00;;;12  2022 11:24 AM;4;0;1952;https://www.powergamesenlinea.com/shop/1553/desc/amiibo-ganondorf;https://www.powergamesenlinea.com/_sh/15/1553.webp
1552;251;« Peluches »;Little Buddy;"&#8205; Toy Super Mario Bros Goomba Plush Toy 6";1095.00;-;;05  2022 8:52 PM;3.5;0;2623;https://www.powergamesenlinea.com/shop/1552/desc/toy-goomba-plush-6;https://www.powergamesenlinea.com/_sh/15/1552.webp
2400;251;« Peluches »;Little Buddy;"&#8205; Super Mario Toys Bob Omb Plush 6 """;1050.00;;;08  2026 7:53 PM;0;0;421;https://www.powergamesenlinea.com/shop/2400/desc/toys-bob-omb-plush-6;https://www.powergamesenlinea.com/_sh/24/2400.webp
2401;251;« Peluches »;Sanei;"&#8205; Toy Chain Chomp Plush 5""";1050.00;;;08  2026 7:57 PM;0;0;394;https://www.powergamesenlinea.com/shop/2401/desc/toy-chain-chomp-plush-5;https://www.powergamesenlinea.com/_sh/24/2401.webp
2402;251;« Peluches »;Little Buddy;"Toy Luigi Stuffed Plush, 15""";1995.00;;;08  2026 8:01 PM;0;0;300;https://www.powergamesenlinea.com/shop/2402/desc/toy-luigi-stuffed-plush-15;https://www.powergamesenlinea.com/_sh/24/2402.webp
2403;251;« Peluches »;Little Buddy;"&#8205; Super Mario Toy Koopa Troopa Plush 8""";1050.00;;;08  2026 8:05 PM;0;0;393;https://www.powergamesenlinea.com/shop/2403/desc/toy-koopa-troopa-plush-8;https://www.powergamesenlinea.com/_sh/24/2403.webp
2404;251;« Peluches »;Sanei;"&#8205; Toy Bullet Bill Plush 6""";1195.00;;;08  2026 8:09 PM;0;0;320;https://www.powergamesenlinea.com/shop/2404/desc/toy-bullet-bill-plush-6;https://www.powergamesenlinea.com/_sh/24/2404.webp
2405;251;« Peluches »;Sanei;"&#8205; Super Mario Toy Orange Yoshi Plush 6""";1195.00;;;08  2026 8:14 PM;0;0;365;https://www.powergamesenlinea.com/shop/2405/desc/toy-orange-yoshi-plush-6;https://www.powergamesenlinea.com/_sh/24/2405.webp
1555;159;« LEGO »;LEGO;LEGO Toy Story 4 Duke Caboom's Stunt Show (10767);1395.00;;;12  2022 11:33 AM;4;0;1321;https://www.powergamesenlinea.com/shop/1555/desc/duke-caboom-s-stunt-show;https://www.powergamesenlinea.com/_sh/15/1555.webp
1556;63;«Amiibo»;Nintendo;Amiibo Bokoblin;1295.00;;;12  2022 11:58 AM;1;0;3019;https://www.powergamesenlinea.com/shop/1556/desc/amiibo-bokoblin;https://www.powergamesenlinea.com/_sh/15/1556.webp
1558;159;« LEGO »;LEGO®;Lego Batman™ Cowl - 76182;4250.00;;;12  2022 2:02 PM;0;0;4149;https://www.powergamesenlinea.com/shop/1558/desc/lego-batman-cowl-76182;https://www.powergamesenlinea.com/_sh/15/1558.webp
1563;98;« FUNKO POP! »;Funko POP!;Attack on Titan Christa Pop! Vinyl Figure #460;695.00;;;13  2022 0:44 AM;4;0;2173;https://www.powergamesenlinea.com/shop/1563/desc/attack-on-titan-christa-460;https://www.powergamesenlinea.com/_sh/15/1563.webp
1568;98;« FUNKO POP! »;Funko Pop!;Funko Pop! Avatar: The Last Airbender - Admiral Zhao #998;695.00;;;18  2022 1:45 AM;5;0;2548;https://www.powergamesenlinea.com/shop/1568/desc/funko-pop-avatar-the-last-airbender-998;https://www.powergamesenlinea.com/_sh/15/1568.webp
1576;147;« FIGURES »;Banpresto;Official KANAO TSUYURI VER. B Demon Slayer Vol. 7;1695.00;;;08  2022 6:07 PM;1.5;0;2427;https://www.powergamesenlinea.com/shop/1576/desc/kanao-tsuyuri-ver-b-demon-slayer;https://www.powergamesenlinea.com/_sh/15/1576.webp
1586;215;« REDRAGON »;Redragon;Gaming Mouse Pad - P009;3095.00;;;28  2022 12:01 PM;2;0;2536;https://www.powergamesenlinea.com/shop/1586/desc/https-redragon-es-products-epeius-p009;https://www.powergamesenlinea.com/_sh/15/1586.webp
1606;65;Juegos de Nintendo Switch;SEGA;Persona 5 Royal: Standard Edition - Switch | 010565;3150.00;;;26  2022 7:40 PM;3.5;0;3552;https://www.powergamesenlinea.com/shop/1606/desc/persona-5-royal-standard-edition;https://www.powergamesenlinea.com/_sh/16/1606.webp
1601;154;Juegos de PS5;Game Mill;Nickelodeon All Star Brawl;1895.00;;;28  2022 1:35 PM;1.5;0;2372;https://www.powergamesenlinea.com/shop/1601/desc/nickelodeon-all-star-brawl;https://www.powergamesenlinea.com/_sh/16/1601.webp
1605;154;Juegos de PS5;Warner Bros. Interactive Entertainment;Gotham Knights Standard Edition;2395.00;;;26  2022 7:33 PM;3.5;0;2558;https://www.powergamesenlinea.com/shop/1605/desc/gotham-knights-standard-edition;https://www.powergamesenlinea.com/_sh/16/1605.webp
1600;154;Juegos de PS5;Square Enix;Stranger of Paradise Final Fantasy Origin;2295.00;;;28  2022 1:31 PM;3;0;2378;https://www.powergamesenlinea.com/shop/1600/desc/stranger-of-paradise-final-fantasy-origin;https://www.powergamesenlinea.com/_sh/16/1600.webp
1587;154;Juegos de PS5;Steel Wool Studios and ScottGames;Five Nights at Freddy's: Security Breach | 011779;2795.00;;;28  2022 12:09 PM;5;0;2723;https://www.powergamesenlinea.com/shop/1587/desc/five-nights-at-freddy-ps5;https://www.powergamesenlinea.com/_sh/15/1587.webp
1588;215;« REDRAGON »;Redragon;Mouse Gaming - Storm Elite M988;3095.00;;;28  2022 12:16 PM;4;0;2001;https://www.powergamesenlinea.com/shop/1588/desc/mouse-gaming-storm-elite-m988;https://www.powergamesenlinea.com/_sh/15/1588.webp
1589;65;Juegos de Nintendo Switch;Steel Wool Studios and ScottGames;Five Nights at Freddy's: Security Breach | 011778;2795.00;;;28  2022 12:29 PM;4.25;0;3003;https://www.powergamesenlinea.com/shop/1589/desc/five-nights-at-freddy-s-switch;https://www.powergamesenlinea.com/_sh/15/1589.webp
1590;215;« REDRAGON »;Redragon;Gaming Chair - GAIA C211 - (Black/Red) - Silla Gamer;17495.00;;;28  2022 12:35 PM;5;0;2990;https://www.powergamesenlinea.com/shop/1590/desc/https-redragon-es-products-best-seller-gaia-c211;https://www.powergamesenlinea.com/_sh/15/1590.webp
1592;98;« FUNKO POP! »;FUNKO POP!;Funko Pop! Avatar Fire Lord Ozai #999;695.00;;;28  2022 12:47 PM;2.67;0;2869;https://www.powergamesenlinea.com/shop/1592/desc/avatar-fire-lord-ozai;https://www.powergamesenlinea.com/_sh/15/1592.webp
1599;25;«Accesorios»;Bigben NACON;Headset Gaming - Nacon Bigben - PS4 / PS5 (White and Black Variant);1195.00;;;28  2022 1:24 PM;3.33;0;3450;https://www.powergamesenlinea.com/shop/1599/desc/headset-gaming-bigben-playstation;https://www.powergamesenlinea.com/_sh/15/1599.webp
1604;65;Juegos de Nintendo Switch;Nintendo;Splatoon 3;3495.00;;;10  2022 11:53 AM;2.67;0;4267;https://www.powergamesenlinea.com/shop/1604/desc/splatoon-3;https://www.powergamesenlinea.com/_sh/16/1604.webp
1607;154;Juegos de PS5;2K Games;New Tales from the Borderlands Deluxe Edition;3295.00;;;26  2022 7:50 PM;2;0;2398;https://www.powergamesenlinea.com/shop/1607/desc/new-tales-from-the-borderlands-deluxe-edition;https://www.powergamesenlinea.com/_sh/16/1607.webp
1609;154;Juegos de PS5;Santa Monica Studio;God Of War Ragnarok | 010573;2795.00;;;09  2022 11:12 AM;2;0;3289;https://www.powergamesenlinea.com/shop/1609/desc/god-of-war-ragnarok;https://www.powergamesenlinea.com/_sh/16/1609.webp
1610;154;Juegos de PS5;Sega;Sonic Frontier - PS5;2795.00;;;12  2022 6:00 PM;5;0;2296;https://www.powergamesenlinea.com/shop/1610/desc/sonic-frontier;https://www.powergamesenlinea.com/_sh/16/1610.webp
1612;65;Juegos de Nintendo Switch;Sega;Sonic Frontier - Switch;3495.00;;;12  2022 6:01 PM;3.2;0;3360;https://www.powergamesenlinea.com/shop/1612/desc/sonic-frontier;https://www.powergamesenlinea.com/_sh/16/1612.webp
1613;65;Juegos de Nintendo Switch;Nintendo;The Legend of Zelda: Tears of the Kingdom | 011038;3895.00;;;18  2022 9:43 PM;3.17;0;18655;https://www.powergamesenlinea.com/shop/1613/desc/the-legend-of-zelda-tears-of-the-kingdom;https://www.powergamesenlinea.com/_sh/16/1613.webp
1614;65;Juegos de Nintendo Switch;Nintendo;Pokemon Scarlet;3495.00;;;18  2022 9:44 PM;5;0;4392;https://www.powergamesenlinea.com/shop/1614/desc/pokemon-scarlet;https://www.powergamesenlinea.com/_sh/16/1614.webp
1615;65;Juegos de Nintendo Switch;Nintendo;Pokemon Violet;3495.00;;;18  2022 9:46 PM;3.67;0;4266;https://www.powergamesenlinea.com/shop/1615/desc/pokemon-violet;https://www.powergamesenlinea.com/_sh/16/1615.webp
1619;45;Juegos de PS4;Krafton;The Callisto Protocol Day One Edition - PS4;3395.00;;;02  2022 1:09 PM;2;0;2028;https://www.powergamesenlinea.com/shop/1619/desc/the-callisto-protocol-ps4;https://www.powergamesenlinea.com/_sh/16/1619.webp
1618;154;Juegos de PS5;Krafton;The Callisto Protocol Day One Edition;3650.00;;;02  2022 1:05 PM;5;0;2411;https://www.powergamesenlinea.com/shop/1618/desc/the-callisto-protocol-day-one-edition;https://www.powergamesenlinea.com/_sh/16/1618.webp
1621;65;Juegos de Nintendo Switch;Nintendo;Fire Emblem Engage - SWITCH;3495.00;;;20  2023 2:54 PM;3;0;4458;https://www.powergamesenlinea.com/shop/1621/desc/fire-emblem-engage;https://www.powergamesenlinea.com/_sh/16/1621.webp
1622;154;Juegos de PS5;Square Enix;Forspoken - PS5;3895.00;;;26  2023 2:06 PM;1.5;0;3035;https://www.powergamesenlinea.com/shop/1622/desc/forspoken-ps5;https://www.powergamesenlinea.com/_sh/16/1622.webp
1623;154;Juegos de PS5;Warner Bros Games;Hogwarts Legacy - PS5 |010834;2395.00;;;10  2023 1:46 PM;3.67;0;3421;https://www.powergamesenlinea.com/shop/1623/desc/hogwarts-legacy-ps5;https://www.powergamesenlinea.com/_sh/16/1623.webp
1624;65;Juegos de Nintendo Switch;Nintendo;Metroid Prime Remastered;2895.00;;;28  2023 3:59 PM;4.2;0;3412;https://www.powergamesenlinea.com/shop/1624/desc/metroid-prime-remastered;https://www.powergamesenlinea.com/_sh/16/1624.webp
1627;65;Juegos de Nintendo Switch;Warner Bros.;LEGO Star Wars Skywalker Saga - Switch | 010162;2050.00;;;11  2023 12:14 PM;3;0;4128;https://www.powergamesenlinea.com/shop/1627/desc/lego-star-wars-skywalker-saga-switch;https://www.powergamesenlinea.com/_sh/16/1627.webp
1634;154;Juegos de PS5;Mundfish;Atomic Heart - PS5;3750.00;;;18  2023 4:15 PM;2;0;3724;https://www.powergamesenlinea.com/shop/1634/desc/atomic-heart-ps5;https://www.powergamesenlinea.com/_sh/16/1634.webp
1635;45;Juegos de PS4;Mundfish;Atomic Heart - PS4;3695.00;;;18  2023 4:18 PM;1;0;3565;https://www.powergamesenlinea.com/shop/1635/desc/atomic-heart-ps4;https://www.powergamesenlinea.com/_sh/16/1635.webp
1636;154;Juegos de PS5;2k;WWE 2K23 - PS5;3495.00;;;20  2023 12:36 PM;3;0;2215;https://www.powergamesenlinea.com/shop/1636/desc/wwe-2k23-ps5;https://www.powergamesenlinea.com/_sh/16/1636.webp
1874;154;Juegos de PS5;Square Enix;Final Fantasy VII Rebirth - PS5 | 011657;3750.00;;;08  2024 1:43 PM;0;0;1954;https://www.powergamesenlinea.com/shop/1874/desc/final-fantasy-vii-rebirth-ps5;https://www.powergamesenlinea.com/_sh/18/1874.webp
1638;154;Juegos de PS5;Capcom;Resident Evil 4 Remake;3495.00;;;24  2023 2:42 PM;4.33;0;2154;https://www.powergamesenlinea.com/shop/1638/desc/resident-evil-4-remake;https://www.powergamesenlinea.com/_sh/16/1638.webp
1639;57;Juegos Xbox One | Series X,S;Capcom;Resident Evil 4 Remake;3495.00;;;24  2023 2:43 PM;5;0;2087;https://www.powergamesenlinea.com/shop/1639/desc/resident-evil-4-remake;https://www.powergamesenlinea.com/_sh/16/1639.webp
1640;45;Juegos de PS4;Capcom;Resident Evil 4 Remake;3650.00;;;24  2023 2:44 PM;5;0;2293;https://www.powergamesenlinea.com/shop/1640/desc/resident-evil-4-remake;https://www.powergamesenlinea.com/_sh/16/1640.webp
1670;65;Juegos de Nintendo Switch;Mojang Studios - Blackbird Interactive;Minecraft Legends Deluxe Edition;3495.00;;;21  2023 2:52 PM;5;0;3352;https://www.powergamesenlinea.com/shop/1670/desc/minecraft-legends-switch;https://www.powergamesenlinea.com/_sh/16/1670.webp
1656;251;« Peluches »;Little Buddy;"Toy Super Mario Bros. Fire Luigi 9""";1295.00;;;20  2023 5:50 PM;4;0;1718;https://www.powergamesenlinea.com/shop/1656/desc/toy-super-mario-bros-fire-luigi-9;https://www.powergamesenlinea.com/_sh/16/1656.webp
1657;63;«Amiibo»;Nitendo;"&#8205; Amiibo Peach - (SuperMario Series)";1495.00;;;20  2023 6:28 PM;4;0;2880;https://www.powergamesenlinea.com/shop/1657/desc/amiibo-peach;https://www.powergamesenlinea.com/_sh/16/1657.webp
1659;65;Juegos de Nintendo Switch;Ubisoft;Assassin's Creed: The Rebel Collection - Switch | 009229;2050.00;;;20  2023 7:17 PM;2;0;3819;https://www.powergamesenlinea.com/shop/1659/desc/assassin-s-creed-tc-switch;https://www.powergamesenlinea.com/_sh/16/1659.webp
1672;154;Juegos de PS5;GearBox;GodFall - PS5;2595.00;;;21  2023 10:19 PM;3;0;2425;https://www.powergamesenlinea.com/shop/1672/desc/godfall-ps5;https://www.powergamesenlinea.com/_sh/16/1672.webp
1667;45;Juegos de PS4;GearBox;New Tales From Borderlands;2250.00;;;21  2023 12:05 PM;5;0;1864;https://www.powergamesenlinea.com/shop/1667/desc/new-tales-from-borderlands;https://www.powergamesenlinea.com/_sh/16/1667.webp
1673;45;Juegos de PS4;Tribute Games / Dotemu;Teenage Mutan Ninja Turtles Shredders Revenge;1995.00;;;21  2023 10:21 PM;3;0;2121;https://www.powergamesenlinea.com/shop/1673/desc/teenage-mutan-ninja-turtles-shredders-revenge;https://www.powergamesenlinea.com/_sh/16/1673.webp
1674;154;Juegos de PS5;2K;PGA Tour 2K23 - PS5;2795.00;;;21  2023 10:23 PM;3;0;2593;https://www.powergamesenlinea.com/shop/1674/desc/pga-tour-2k23-ps5;https://www.powergamesenlinea.com/_sh/16/1674.webp
1704;98;« FUNKO POP! »;Funko Pop;- Funko Pop Stranger things S4 - Erica 1301;695.00;;;01  2023 7:34 PM;2;0;2164;https://www.powergamesenlinea.com/shop/1704/desc/funko-pop-stranger-things-s4-erica-1301;https://www.powergamesenlinea.com/_sh/17/1704.webp
1705;98;« FUNKO POP! »;Funko Pop;- Funko Pop Stranger things S4 - Robin 1299;780.00;;;01  2023 7:38 PM;4;0;2113;https://www.powergamesenlinea.com/shop/1705/desc/funko-pop-stranger-things-s4-robin-1299;https://www.powergamesenlinea.com/_sh/17/1705.webp
1706;98;« FUNKO POP! »;Funko Pop;- Funko Pop Stranger things S4 - Argyle 1302;780.00;;;01  2023 7:40 PM;5;0;2147;https://www.powergamesenlinea.com/shop/1706/desc/funko-pop-stranger-things-s4-argyle-1302;https://www.powergamesenlinea.com/_sh/17/1706.webp
1709;98;« FUNKO POP! »;FUNKO POP!;"&#8205; Funko Pop - J-Hope More - BTS (467)";1295.00;;;01  2023 7:59 PM;1;0;2315;https://www.powergamesenlinea.com/shop/1709/desc/funko-pop-j-hope-more-bts-467;https://www.powergamesenlinea.com/_sh/17/1709.webp
2388;245;« JBL »;JBL;Aud?fonos JBL Tune 770NC White | Wireless;7995.00;;;27  2025 12:33 PM;1;0;744;https://www.powergamesenlinea.com/shop/2388/desc/audifonos-jbl-tune-770nc-white-wireless;https://www.powergamesenlinea.com/_sh/23/2388.webp
1715;161;Accesorios PlayStation 5;Sony;PULSE 3D Wireless Headset – Midnight Black;5995.00;;;01  2023 8:30 PM;5;0;2872;https://www.powergamesenlinea.com/shop/1715/desc/playstation-pulse-3dblack;https://www.powergamesenlinea.com/_sh/17/1715.webp
1720;147;« FIGURES »;BANDAI-NAMCO;Nezuko Kamado Demon Form Advancing Ver.;5950.00;;;08  2023 12:24 PM;5;0;1643;https://www.powergamesenlinea.com/shop/1720/desc/nezuko-kamado-demon;https://www.powergamesenlinea.com/_sh/17/1720.webp
1721;147;« FIGURES »;BANDAI-NAMCO;Demon Slayer: Kimetsu no Yaiba - Daki and Gyutaro;10195.00;;;08  2023 12:33 PM;5;0;1954;https://www.powergamesenlinea.com/shop/1721/desc/kimetsu-no-yaiba-daki-and-gyutaro;https://www.powergamesenlinea.com/_sh/17/1721.webp
1724;147;« FIGURES »;Banpresto;One Piece Abiliators Crocodile Prize Figure;1795.00;;;08  2023 1:34 PM;3.67;0;2201;https://www.powergamesenlinea.com/shop/1724/desc/one-piece-abiliators-crocodile-prize-figure;https://www.powergamesenlinea.com/_sh/17/1724.webp
1723;147;« FIGURES »;Banpresto;ONE Piece Manhood-Special ver.-(B:Edward.NEWGATE);1895.00;;;08  2023 1:10 PM;4;0;1663;https://www.powergamesenlinea.com/shop/1723/desc/manhood-special-ver-b-edward-newgate;https://www.powergamesenlinea.com/_sh/17/1723.webp
1730;154;Juegos de PS5;BANDAI NAMCO Entertainment;DRAGON BALL FighterZ - PS5 | 011826;1595.00;;;06  2023 12:34 PM;4;0;2614;https://www.powergamesenlinea.com/shop/1730/desc/dragon-ball-fighterz-ps5;https://www.powergamesenlinea.com/_sh/17/1730.webp
1731;154;Juegos de PS5;EA Sports;F1 23 - PlayStation 5;3295.00;F1 23 es un videojuego de carreras desarrollado por Codemasters y publicado por EA Sports.;;06  2023 12:35 PM;4;0;2717;https://www.powergamesenlinea.com/shop/1731/desc/f1-23-playstation-5;https://www.powergamesenlinea.com/_sh/17/1731.webp
1734;154;Juegos de PS5;Ubisoft;Star Wars Outlaws - PS5 | 011942;4195.00;;;18  2023 11:39 AM;3;0;2016;https://www.powergamesenlinea.com/shop/1734/desc/star-wars-outlaws-ps5;https://www.powergamesenlinea.com/_sh/17/1734.webp
1740;65;Juegos de Nintendo Switch;Disney Games;Disney Illusion Island - Nintendo Switch | 011165;2995.00;Disney Illusion Island es un videojuego de plataformas para 4 jugadores lanzado para Nintendo Switch el 28 de julio de 2023.;;12  2023 2:26 AM;3;0;4025;https://www.powergamesenlinea.com/shop/1740/desc/disney-illusion-island-switch;https://www.powergamesenlinea.com/_sh/17/1740.webp
1745;161;Accesorios PlayStation 5;Sony;Control DualSense PS5 - Techno Rhythm Blue | 013319;5295.00;;;13  2023 11:30 AM;3.33;0;6888;https://www.powergamesenlinea.com/shop/1745/desc/control-ps5-rhythm-blue;https://www.powergamesenlinea.com/_sh/17/1745.webp
2501;242;Accesorios Switch 2;Nintendo;Pro Controller Resident Evil Requiem Edition | 013395;7195.00;;;17  2026 7:02 PM;0;0;595;https://www.powergamesenlinea.com/shop/2501/desc/nintendo-switch-2-pro-controller-resident-evil-requiem-edition;https://www.powergamesenlinea.com/_sh/25/2501.webp
2499;241;Juegos Nintendo Switch 2;Sony Interactive Entertainment;MLB The Show 26 NS | 013333;3795.00;;;17  2026 6:47 PM;0;0;486;https://www.powergamesenlinea.com/shop/2499/desc/mlb-the-show-26-ns-013333;https://www.powergamesenlinea.com/_sh/24/2499.webp
2495;154;Juegos de PS5;Capcom;Pragmata PS5 | 013396;3795.00;;;17  2026 6:40 PM;0;0;382;https://www.powergamesenlinea.com/shop/2495/desc/pragmata-ps5;https://www.powergamesenlinea.com/_sh/24/2495.webp
2492;65;Juegos de Nintendo Switch;Capcom;Mega Man 11 - NS | 013386;1695.00;;;17  2026 6:18 PM;0;0;290;https://www.powergamesenlinea.com/shop/2492/desc/mega-man-11-ns;https://www.powergamesenlinea.com/_sh/24/2492.webp
2493;65;Juegos de Nintendo Switch;Nintendo;Nintendo World Championships: NES Edition | 013387;2295.00;;;17  2026 6:20 PM;0;0;303;https://www.powergamesenlinea.com/shop/2493/desc/nintendo-world-championships-nes-edition-mde;https://www.powergamesenlinea.com/_sh/24/2493.webp
2494;242;Accesorios Switch 2;Hori;Travel case slime Light Blue;1795.00;;;17  2026 6:23 PM;0;0;300;https://www.powergamesenlinea.com/shop/2494/desc/travel-case-slime-light-blue;https://www.powergamesenlinea.com/_sh/24/2494.webp
2497;154;Juegos de PS5;Sony Interactive Entertainment;MLB The Show 26 PS5 | 013332;3995.00;;;17  2026 6:42 PM;1;0;405;https://www.powergamesenlinea.com/shop/2497/desc/mlb-the-show-26-ps5;https://www.powergamesenlinea.com/_sh/24/2497.webp
1747;154;Juegos de PS5;Ubisoft;The Crew Motorfest - PS5;3495.00;;;15  2023 1:17 PM;1;0;1992;https://www.powergamesenlinea.com/shop/1747/desc/the-crew-motorfest-ps5;https://www.powergamesenlinea.com/_sh/17/1747.webp
1965;98;« FUNKO POP! »;Funko Pop!;Snake-Man Luffy #1266;1195.00;;;24  2024 11:59 AM;0;0;1398;https://www.powergamesenlinea.com/shop/1965/desc/snake-man-luffy-1266;https://www.powergamesenlinea.com/_sh/19/1965.webp
1751;154;Juegos de PS5;SEGA;Demon Slayer: The Hinokami Chronicles - PS5 | 006508;2150.00;;;20  2023 3:42 PM;3;0;2555;https://www.powergamesenlinea.com/shop/1751/desc/demon-slayer-the-hinokami-chronicles-ps5;https://www.powergamesenlinea.com/_sh/17/1751.webp
1752;154;Juegos de PS5;WB;Mortal Kombat 1 - PS5 |011219;2195.00;;;21  2023 2:45 PM;4;0;2310;https://www.powergamesenlinea.com/shop/1752/desc/mortal-kombat-1-ps5;https://www.powergamesenlinea.com/_sh/17/1752.webp
1753;65;Juegos de Nintendo Switch;WB;Mortal Kombat 1 - SWITCH;3295.00;;;21  2023 2:46 PM;5;0;2656;https://www.powergamesenlinea.com/shop/1753/desc/mortal-kombat-1-ns;https://www.powergamesenlinea.com/_sh/17/1753.webp
1756;98;« FUNKO POP! »;Funko Pop!;Avatar: The Last Airbender – Ty lee 997;695.00;;;28  2023 5:26 PM;0;0;2701;https://www.powergamesenlinea.com/shop/1756/desc/avatar-the-last-airbender-ty-lee;https://www.powergamesenlinea.com/_sh/17/1756.webp
1938;65;Juegos de Nintendo Switch;Nintendo;Luigi's Mansion 2 HD;3495.00;;;27  2024 1:19 PM;2;0;3689;https://www.powergamesenlinea.com/shop/1938/desc/luigi-s-mansion-2-hd;https://www.powergamesenlinea.com/_sh/19/1938.webp
1768;98;« FUNKO POP! »;Funko Pop!;One Piece - Hungry big mom 1268;2100.00;;;28  2023 6:49 PM;1;0;1509;https://www.powergamesenlinea.com/shop/1768/desc/one-piece-hungry-big-mom;https://www.powergamesenlinea.com/_sh/17/1768.webp
1769;98;« FUNKO POP! »;Funko Pop!;"&#8205;Funko Pop! Deluxe: One Piece - Yamato #1596";2245.00;;;28  2023 6:51 PM;3.5;0;2302;https://www.powergamesenlinea.com/shop/1769/desc/one-piece-yamato-1596;https://www.powergamesenlinea.com/_sh/17/1769.webp
1807;45;Juegos de PS4;Ubisoft;Assasin's Creed Mirage - PS4;2895.00;;;19  2023 2:43 PM;3.5;0;3833;https://www.powergamesenlinea.com/shop/1807/desc/assasin-s-creed-mirage-ps4;https://www.powergamesenlinea.com/_sh/18/1807.webp
1822;154;Juegos de PS5;Sony;Spiderman 2 - PS5 | 011347;3595.00;;;10  2023 1:30 AM;5;0;2585;https://www.powergamesenlinea.com/shop/1822/desc/spiderman-2-ps5;https://www.powergamesenlinea.com/_sh/18/1822.webp
1823;65;Juegos de Nintendo Switch;Nintendo;Super Mario Bros Wonder | 011363;3650.00;;;10  2023 1:32 AM;3.5;0;2535;https://www.powergamesenlinea.com/shop/1823/desc/super-mario-bros-wonder;https://www.powergamesenlinea.com/_sh/18/1823.webp
1824;26;«Accesorios»;Mumba;Cover Nintendo Switch OLED (rojo, negro y transparente);2095.00;;;10  2023 1:35 AM;4.5;0;3620;https://www.powergamesenlinea.com/shop/1824/desc/cover-nintendo-switch-oled;https://www.powergamesenlinea.com/_sh/18/1824.webp
1868;98;« FUNKO POP! »;Funko POP!;Orochimaru (Akatsuki) Vinyl Figure #1435;950.00;;;24  2024 0:29 AM;0;0;1448;https://www.powergamesenlinea.com/shop/1868/desc/orochimaru-akatsuki-metallic;https://www.powergamesenlinea.com/_sh/18/1868.webp
1821;251;« Peluches »;Together Plus;"Toy Bullet Bill Pillow 15""";3050.00;;;09  2023 6:01 PM;5;0;2719;https://www.powergamesenlinea.com/shop/1821/desc/toy-bullet-bill-pillow-15;https://www.powergamesenlinea.com/_sh/18/1821.webp
2406;251;« Peluches »;Little Buddy;"&#8205; Toy Plush Super Star 6""";3395.00;;;08  2026 8:30 PM;0;0;344;https://www.powergamesenlinea.com/shop/2406/desc/toy-plush-super-star-6;https://www.powergamesenlinea.com/_sh/24/2406.webp
2407;251;« Peluches »;Little Buddy;"&#8205; Super Mario Toy White Yoshi Plush 8""";1595.00;;;08  2026 10:16 PM;0;0;535;https://www.powergamesenlinea.com/shop/2407/desc/toy-white-yoshi-plush-8;https://www.powergamesenlinea.com/_sh/24/2407.webp
2408;251;« Peluches »;Little Buddy;"&#8205; Super Mario Toy Yellow Yoshi Plush 7""";1595.00;;;08  2026 10:20 PM;0;0;512;https://www.powergamesenlinea.com/shop/2408/desc/toy-yellow-yoshi-plush-7;https://www.powergamesenlinea.com/_sh/24/2408.webp
2409;251;« Peluches »;Little Buddy;"&#8205; Toy Super Mario Coin Box Plush 9""";1295.00;;;08  2026 10:22 PM;0;0;596;https://www.powergamesenlinea.com/shop/2409/desc/toy-super-mario-coin-box-plush-9;https://www.powergamesenlinea.com/_sh/24/2409.webp
2410;251;« Peluches »;Little Buddy;"&#8205; Toy Green Koopa Shell 11- in Pillow Plush";3095.00;;;08  2026 10:25 PM;0;0;576;https://www.powergamesenlinea.com/shop/2410/desc/toy-green-koopa-shell-11-in-pillow-plush;https://www.powergamesenlinea.com/_sh/24/2410.webp
2411;251;« Peluches »;Little Buddy;"&#8205; Toy Super Mario Light Blue Yoshi Plush 8""";1595.00;;;08  2026 10:28 PM;0;0;517;https://www.powergamesenlinea.com/shop/2411/desc/toy-super-mario-light-blue-yoshi-plush-8;https://www.powergamesenlinea.com/_sh/24/2411.webp
2412;251;« Peluches »;Little Buddy;"&#8205; Toy Super Mario Kirby Hover Plush 4""";1295.00;;;08  2026 10:30 PM;0;0;522;https://www.powergamesenlinea.com/shop/2412/desc/toy-super-mario-kirby-hover-plush-4;https://www.powergamesenlinea.com/_sh/24/2412.webp
1829;65;Juegos de Nintendo Switch;Square-Enix;Final Fantasy VII and Final Fantasy VIII Remastered | 006023;2550.00;;;14  2023 6:35 PM;5;0;3515;https://www.powergamesenlinea.com/shop/1829/desc/final-fantasy-vii-final-fantasy-viii-switch;https://www.powergamesenlinea.com/_sh/18/1829.webp
1830;65;Juegos de Nintendo Switch;Nintendo;Super Mario RPG;3595.00;;;17  2023 10:30 AM;0;0;3106;https://www.powergamesenlinea.com/shop/1830/desc/super-mario-rpg;https://www.powergamesenlinea.com/_sh/18/1830.webp
1832;154;Juegos de PS5;Bandai Namco;NARUTO X BORUTO Ultimate Ninja STORM CONNECTIONS - PS5 | 011409;1695.00;;;18  2023 10:40 AM;0;0;3099;https://www.powergamesenlinea.com/shop/1832/desc/naruto-x-boruto-ultimate-ninja-storm-connections;https://www.powergamesenlinea.com/_sh/18/1832.webp
1834;241;Juegos Nintendo Switch 2;WB;Hogwarts Legacy - NS2 | 012637;3795.00;;;18  2023 1:20 PM;5;0;3317;https://www.powergamesenlinea.com/shop/1834/desc/hogwarts-legacy-switch2;https://www.powergamesenlinea.com/_sh/18/1834.webp
1835;154;Juegos de PS5;Sega;Sonic Superstars - PS5;3750.00;;;20  2023 3:51 PM;4;0;1888;https://www.powergamesenlinea.com/shop/1835/desc/sonic-superstars-ps5;https://www.powergamesenlinea.com/_sh/18/1835.webp
1836;65;Juegos de Nintendo Switch;Sega;Sonic Superstars - Switch |011366;2895.00;;;20  2023 3:52 PM;5;0;2630;https://www.powergamesenlinea.com/shop/1836/desc/sonic-superstars-ns;https://www.powergamesenlinea.com/_sh/18/1836.webp
1838;251;« Peluches »;The Pok?mon Company;Toy Pokemon Charmander;1395.00;;;28  2023 2:49 PM;5;0;2754;https://www.powergamesenlinea.com/shop/1838/desc/toy-pokemon-charmander;https://www.powergamesenlinea.com/_sh/18/1838.webp
2416;251;« Peluches »;Nintendo Store;"Toy Super 1-Up Mushroom 6"" Plush Green";1095.00;;;08  2026 11:38 PM;0;0;1176;https://www.powergamesenlinea.com/shop/2416/desc/toy-super-1-up-mushroom-6-plush-green;https://www.powergamesenlinea.com/_sh/24/2416.webp
1841;161;Accesorios PlayStation 5;Power A;Charging Station Power A PS5 | 013357;1695.00;;;08  2023 12:10 PM;4;0;5555;https://www.powergamesenlinea.com/shop/1841/desc/charging-station-power-a;https://www.powergamesenlinea.com/_sh/18/1841.webp
1842;148;PlayStation 5;Sony;PlayStation®5 Disco Edition - (PS5 slim) | 011423;38495.00;PS5 SLIM Disc Edition;;13  2023 3:54 PM;3.57;0;8195;https://www.powergamesenlinea.com/shop/1842/desc/ps5-slim-disco-jp;https://www.powergamesenlinea.com/_sh/18/1842.webp
1844;154;Juegos de PS5;Guerrilla Games;*Digital* Horizon Forbidden West *Digital*;2895.00;;;14  2023 2:05 AM;0;0;3285;https://www.powergamesenlinea.com/shop/1844/desc/horizon-forbidden-westps5-digital;https://www.powergamesenlinea.com/_sh/18/1844.webp
1846;251;« Peluches »;The Pok?mon Company;Toy Pokemon Pikachu;1195.00;;;14  2023 2:08 AM;1;0;2354;https://www.powergamesenlinea.com/shop/1846/desc/toy-pokemon-pikachu;https://www.powergamesenlinea.com/_sh/18/1846.webp
1849;154;Juegos de PS5;Ubisoft;Prince of Persia™ The Lost Crown;3695.00;;;25  2024 1:32 PM;0;0;1806;https://www.powergamesenlinea.com/shop/1849/desc/prince-of-persia-the-lost-crown;https://www.powergamesenlinea.com/_sh/18/1849.webp
1850;65;Juegos de Nintendo Switch;Ubisoft;Prince of Persia™ The Lost Crown;3495.00;;;25  2024 1:33 PM;0;0;2407;https://www.powergamesenlinea.com/shop/1850/desc/prince-of-persia-the-lost-crown;https://www.powergamesenlinea.com/_sh/18/1850.webp
1852;65;Juegos de Nintendo Switch;Nintendo;Princess Peach™: Showtime!;3595.00;;;30  2024 12:07 PM;2.33;0;2293;https://www.powergamesenlinea.com/shop/1852/desc/princess-peach-showtime;https://www.powergamesenlinea.com/_sh/18/1852.webp
1854;154;Juegos de PS5;Bandai Namco;Tekken 8 - PS5;3395.00;;;03  2024 12:58 PM;5;0;1876;https://www.powergamesenlinea.com/shop/1854/desc/tekken-8-ps5;https://www.powergamesenlinea.com/_sh/18/1854.webp
1855;161;Accesorios PlayStation 5;Sony;PS5 PULSE Explore Wireless Earbuds;11995.00;;;03  2024 1:02 PM;4;0;2566;https://www.powergamesenlinea.com/shop/1855/desc/ps5-pulse-explore;https://www.powergamesenlinea.com/_sh/18/1855.webp
1856;154;Juegos de PS5;Sony Interactive Entertainment | Naughty Dog;The Last of Us Part 2 REMASTERED - PS5 |011539;3395.00;;;06  2024 8:11 PM;5;0;2011;https://www.powergamesenlinea.com/shop/1856/desc/the-last-of-us-part-2-remastered-ps5;https://www.powergamesenlinea.com/_sh/18/1856.webp
1857;65;Juegos de Nintendo Switch;Nintendo;Mario Vs. Donkey Kong™ - US Version;2850.00;;;17  2024 0:03 AM;0;0;2371;https://www.powergamesenlinea.com/shop/1857/desc/mario-vs-donkey-kong;https://www.powergamesenlinea.com/_sh/18/1857.webp
1858;63;«Amiibo»;Nintendo;Amiibo - Banjo & Kazooie;1650.00;;;17  2024 0:07 AM;5;0;1748;https://www.powergamesenlinea.com/shop/1858/desc/amiibo-banjo-kazooie;https://www.powergamesenlinea.com/_sh/18/1858.webp
1869;161;Accesorios PlayStation 5;Sony;PlayStation Pulse Elite Wireless Headset;9295.00;;;26  2024 12:17 PM;4.5;0;2868;https://www.powergamesenlinea.com/shop/1869/desc/pulse-elite-wireless-headset;https://www.powergamesenlinea.com/_sh/18/1869.webp
1870;161;Accesorios PlayStation 5;Sony;"&#8205; Disc Drive For PS5 Digital Edition | Consoles SLIM";8995.00;;;26  2024 12:19 PM;0;0;5436;https://www.powergamesenlinea.com/shop/1870/desc/disc-drive-for-ps5;https://www.powergamesenlinea.com/_sh/18/1870.webp
1871;161;Accesorios PlayStation 5;Sony;Control DualSense PS5 - Sterling Silver;4595.00;;;26  2024 12:22 PM;0;0;4582;https://www.powergamesenlinea.com/shop/1871/desc/control-dualsense-ps5-sterling-silver;https://www.powergamesenlinea.com/_sh/18/1871.webp
1873;154;Juegos de PS5;2k;WWE 2K24;3295.00;;;08  2024 1:40 PM;0;0;1600;https://www.powergamesenlinea.com/shop/1873/desc/wwe-2k24-ps5;https://www.powergamesenlinea.com/_sh/18/1873.webp
1872;28;«Accesorios»;RDS;XBOX Series S Backpack (Mochila);2550.00;;;26  2024 5:51 PM;0;0;2634;https://www.powergamesenlinea.com/shop/1872/desc/xbox-series-s-backpack-mochila;https://www.powergamesenlinea.com/_sh/18/1872.webp
1880;66;Accesorios Nintendo Switch;Nintendo;Control Joy-Con - Pastel Pink;4795.00;;;22  2024 1:06 PM;0;0;2062;https://www.powergamesenlinea.com/shop/1880/desc/control-joy-con-pastel-pink;https://www.powergamesenlinea.com/_sh/18/1880.webp
1886;251;« Peluches »;The Pok?mon Company;Toy plush Pokemon Eve Transformations;695.00;;;23  2024 4:03 PM;1;0;2097;https://www.powergamesenlinea.com/shop/1886/desc/pokemon-eve-transformations;https://www.powergamesenlinea.com/_sh/18/1886.webp
2415;251;« Peluches »;Little Buddy;"Toy Elephant Mario Plush 10""";1095.00;;;08  2026 11:34 PM;0;0;706;https://www.powergamesenlinea.com/shop/2415/desc/toy-elephant-mario-plush-10;https://www.powergamesenlinea.com/_sh/24/2415.webp
1887;154;Juegos de PS5;Koei Tecmo's Team Ninja |Sony Interactive Entertainment;Rise of the Ronin - PlayStation 5 | 011706;3895.00;-;;23  2024 4:07 PM;2.5;0;1755;https://www.powergamesenlinea.com/shop/1887/desc/rise-of-the-ronin-playstation-5;https://www.powergamesenlinea.com/_sh/18/1887.webp
1883;65;Juegos de Nintendo Switch;Nintendo;Pok?mon Let's Go, Pikachu;3595.00;;;23  2024 11:17 AM;5;0;2209;https://www.powergamesenlinea.com/shop/1883/desc/pokemon-let-s-go-pikachu;https://www.powergamesenlinea.com/_sh/18/1883.webp
1884;154;Juegos de PS5;EA;EA SPORTS WRC;2495.00;;;23  2024 11:29 AM;0;0;1818;https://www.powergamesenlinea.com/shop/1884/desc/ea-sports-wrc-ps5;https://www.powergamesenlinea.com/_sh/18/1884.webp
1885;154;Juegos de PS5;Rebellion;Sniper Elite 5 - PS5 |010736;2495.00;;;23  2024 11:33 AM;0;0;1506;https://www.powergamesenlinea.com/shop/1885/desc/sniper-elite-5-ps5;https://www.powergamesenlinea.com/_sh/18/1885.webp
1888;154;Juegos de PS5;SEGA;Sonic Racing: CrossWorlds - PS5 | 012821;3650.00;;;01  2024 11:27 AM;2.75;0;4867;https://www.powergamesenlinea.com/shop/1888/desc/sonic-racing-crossworlds-ps5;https://www.powergamesenlinea.com/_sh/18/1888.webp
1889;65;Juegos de Nintendo Switch;Warner BROS.;LEGO The Incredibles for Nintendo Switch | 008362;2095.00;;;01  2024 11:48 AM;3.33;0;2493;https://www.powergamesenlinea.com/shop/1889/desc/lego-the-incredibles-for-nintendo-switch;https://www.powergamesenlinea.com/_sh/18/1889.webp
2421;161;Accesorios PlayStation 5;Sony;Control DualSense PS5 - Remix green;5295.00;;;16  2026 1:21 PM;0;0;436;https://www.powergamesenlinea.com/shop/2421/desc/control-dualsense-ps5-remix-green;https://www.powergamesenlinea.com/_sh/24/2421.webp
2422;161;Accesorios PlayStation 5;Sony;Control DualSense PS5 - Rhythm blue;5295.00;;;16  2026 1:55 PM;0;0;390;https://www.powergamesenlinea.com/shop/2422/desc/control-dualsense-ps5-rhythm-blue;https://www.powergamesenlinea.com/_sh/24/2422.webp
2423;161;Accesorios PlayStation 5;Sony;Control DualSense PS5 - Techno Red | 013320;5295.00;;;16  2026 1:58 PM;0;0;422;https://www.powergamesenlinea.com/shop/2423/desc/control-dualsense-ps5-techno-red;https://www.powergamesenlinea.com/_sh/24/2423.webp
2424;98;« FUNKO POP! »;Funko Pop!;Queen - Freddie Mercury, Brian May, John Deacon, and Ro;4950.00;;;20  2026 5:45 PM;0;0;220;https://www.powergamesenlinea.com/shop/2424/desc/queen-freddie-mercury-brian-may-john-deacon-and-ro;https://www.powergamesenlinea.com/_sh/24/2424.webp
2425;98;« FUNKO POP! »;Funko Pop!;Toy Story 30th Anniversary Woody and Buzz #1599;2795.00;;;20  2026 5:47 PM;0;0;292;https://www.powergamesenlinea.com/shop/2425/desc/toy-story-30th-anniversary-woody-and-buzz-1599;https://www.powergamesenlinea.com/_sh/24/2425.webp
2426;98;« FUNKO POP! »;Funko Pop!;Dragon Ball Z - Father-Son Kamehameha #2223;2995.00;;;20  2026 5:50 PM;0;0;229;https://www.powergamesenlinea.com/shop/2426/desc/dragon-ball-z-father-son-kamehameha-2223;https://www.powergamesenlinea.com/_sh/24/2426.webp
2427;98;« FUNKO POP! »;Funko Pop!;StarWars - The Mandalorian-10 Inch #380;2995.00;;;20  2026 5:52 PM;0;0;182;https://www.powergamesenlinea.com/shop/2427/desc/starwars-the-mandalorian-10-inch-380;https://www.powergamesenlinea.com/_sh/24/2427.webp
2428;98;« FUNKO POP! »;Funko Pop!;The Nightmare Before Christmas - Jack Skellington #1501;2095.00;;;20  2026 5:59 PM;0;0;167;https://www.powergamesenlinea.com/shop/2428/desc/the-nightmare-before-christmas-jack-skellington-1501;https://www.powergamesenlinea.com/_sh/24/2428.webp
2429;98;« FUNKO POP! »;Funko Pop!;The Nightmare Before Christmas 30th Anniversary - Jack Skellington #1355;1295.00;;;20  2026 6:04 PM;0;0;190;https://www.powergamesenlinea.com/shop/2429/desc/the-nightmare-before-christmas-30th-anniversary-jack-skellington-1355;https://www.powergamesenlinea.com/_sh/24/2429.webp
1890;66;Accesorios Nintendo Switch;Hori;Travel Case Aluminio Mario;2395.00;;;05  2024 2:09 PM;1.5;0;1648;https://www.powergamesenlinea.com/shop/1890/desc/switch-travel-case-aluminio-mario;https://www.powergamesenlinea.com/_sh/18/1890.webp
1891;26;«Accesorios»;Ardistel;Travel Case Animal Crossing;1795.00;;;05  2024 2:12 PM;1;0;1841;https://www.powergamesenlinea.com/shop/1891/desc/switch-travel-case-animal-crossing-ns;https://www.powergamesenlinea.com/_sh/18/1891.webp
1892;26;«Accesorios»;Nacon;Nintendo Switch Zelda Controller Case;1895.00;Estuche r?gido de almacenamiento y transporte para Nintendo Switch Pro Controller o Joy-Con.;;05  2024 2:19 PM;3.25;0;3304;https://www.powergamesenlinea.com/shop/1892/desc/nintendo-switch-case-pro-controller-and-joycon;https://www.powergamesenlinea.com/_sh/18/1892.webp
1893;26;«Accesorios»;SanDisk;MEMORIA SanDisk 512GB microSDXC-Card - (SD Memory);4095.00;;;05  2024 2:29 PM;1;0;2340;https://www.powergamesenlinea.com/shop/1893/desc/memoria-sandisk-512gb;https://www.powergamesenlinea.com/_sh/18/1893.webp
1895;26;«Accesorios»;Spieltek;Screen Protector Glass for Nintendo Switch LITE;450.00;;;05  2024 2:39 PM;1;0;3154;https://www.powergamesenlinea.com/shop/1895/desc/glass-for-nintendo-switch-lite;https://www.powergamesenlinea.com/_sh/18/1895.webp
1899;65;Juegos de Nintendo Switch;Bandai Namco;Dragon Ball Z Kakarot Daima Edition - NS |013092;3495.00;;;20  2024 4:39 PM;0;0;506;https://www.powergamesenlinea.com/shop/1899/desc/dragon-ball-z-kakarot-daima-edition-ns;https://www.powergamesenlinea.com/_sh/18/1899.webp
1901;98;« FUNKO POP! »;FUNKO POP!;"&#8205;Funko Pop Rose Goku Black #1279";1195.00;;;25  2024 11:49 AM;0;0;1599;https://www.powergamesenlinea.com/shop/1901/desc/funko-pop-rose-goku-black-1279;https://www.powergamesenlinea.com/_sh/19/1901.webp
1905;98;« FUNKO POP! »;FUNKO POP!;"&#8205; Funko Pop! - Spy X Family - Loid Forger #1948";1295.00;;;25  2024 2:09 PM;5;0;2073;https://www.powergamesenlinea.com/shop/1905/desc/funko-pop-loid-forger-1948;https://www.powergamesenlinea.com/_sh/19/1905.webp
1907;98;« FUNKO POP! »;FUNKO POP!;"&#8205; Funko Pop! Yor Forger 1950 - Spy x Family";1295.00;;;25  2024 6:56 PM;0;0;1467;https://www.powergamesenlinea.com/shop/1907/desc/funko-pop-yor-forger-1950;https://www.powergamesenlinea.com/_sh/19/1907.webp
1909;154;Juegos de PS5;SHIFT UP Corporation;Stellar Blade;3995.00;;;01  2024 9:25 AM;0;0;1990;https://www.powergamesenlinea.com/shop/1909/desc/4095;https://www.powergamesenlinea.com/_sh/19/1909.webp
1910;65;Juegos de Nintendo Switch;Nintendo;Paper Mario The Thousand-Year Door;3150.00;;;23  2024 12:21 PM;2;0;2133;https://www.powergamesenlinea.com/shop/1910/desc/paper-mario-the-thousand-year-door;https://www.powergamesenlinea.com/_sh/19/1910.webp
1911;234;« RAZER »;Razer;Mochila Razer Rogue V3 - 012180;5950.00;;;25  2024 2:21 PM;0;0;1331;https://www.powergamesenlinea.com/shop/1911/desc/mochila-razer-rogue-v3-012180;https://www.powergamesenlinea.com/_sh/19/1911.webp
1912;154;Juegos de PS5;2k Sports;TopSpin 2K25 - PS5;3895.00;;;26  2024 9:18 AM;0;0;1409;https://www.powergamesenlinea.com/shop/1912/desc/topspin-2k25-playstation-5;https://www.powergamesenlinea.com/_sh/19/1912.webp
1913;65;Juegos de Nintendo Switch;Warner Bros. Games;Batman: Arkham Trilogy - Switch;3250.00;;;26  2024 9:23 AM;1;0;3491;https://www.powergamesenlinea.com/shop/1913/desc/batman-arkham-trilogy-switch;https://www.powergamesenlinea.com/_sh/19/1913.webp
1914;65;Juegos de Nintendo Switch;SEGA;Demon Slayer - Sweep the Board! - NS | 011789;3750.00;;;26  2024 9:35 AM;0;0;2811;https://www.powergamesenlinea.com/shop/1914/desc/demon-slayer-sweep-the-board-ns;https://www.powergamesenlinea.com/_sh/19/1914.webp
1917;65;Juegos de Nintendo Switch;Square Enix;Final Fantasy I VI Pixel Remaster Collection;6295.00;;;03  2024 4:11 PM;0;0;2315;https://www.powergamesenlinea.com/shop/1917/desc/final-fantasy-i-vi-pixel-remaster-collection;https://www.powergamesenlinea.com/_sh/19/1917.webp
1924;154;Juegos de PS5;Bandai Namco;DRAGON BALL Sparking! ZERO;4095.00;;;10  2024 3:27 PM;4.75;0;2552;https://www.powergamesenlinea.com/shop/1924/desc/dragon-ball-sparking-zero-ps5;https://www.powergamesenlinea.com/_sh/19/1924.webp
1918;124;APPLE;Apple;[VENTA SOLO EN TIENDAS] Apple Gift Card F?SICA $100;0.00;;;04  2024 1:46 PM;3;0;1812;https://www.powergamesenlinea.com/shop/1918/desc/apple-gift-card-100;https://www.powergamesenlinea.com/_sh/19/1918.webp
1916;154;Juegos de PS5;Codemasters / Electronic Arts;F1 2024 - PS5 | 011793;3295.00;;;31  2024 7:57 PM;5;0;1933;https://www.powergamesenlinea.com/shop/1916/desc/f1-2024-ps5;https://www.powergamesenlinea.com/_sh/19/1916.webp
1919;245;« JBL »;JBL Harman;"&#8205; Bocinas JBL Flip 7 | Portable waterproof";8995.00;;;04  2024 4:34 PM;4.25;0;2254;https://www.powergamesenlinea.com/shop/1919/desc/jbl-flip-7;https://www.powergamesenlinea.com/_sh/19/1919.webp
1920;161;Accesorios PlayStation 5;Sony;Control Edge PS5 Black |012411;12795.00;;;04  2024 4:35 PM;4;0;2950;https://www.powergamesenlinea.com/shop/1920/desc/control-edge-ps5-black;https://www.powergamesenlinea.com/_sh/19/1920.webp
1921;245;« JBL »;JBL Harman;"&#8205; Aud?fonos JBL Tune 520C White | USB-C";2199.00;;;04  2024 4:39 PM;4.5;0;2700;https://www.powergamesenlinea.com/shop/1921/desc/jbl-tune-520c-white;https://www.powergamesenlinea.com/_sh/19/1921.webp
1963;98;« FUNKO POP! »;Funko Pop!;Avengers Infinity War - Iron Spider #574;1195.00;;;20  2024 2:18 PM;0;0;1145;https://www.powergamesenlinea.com/shop/1963/desc/avengers-infinity-war-iron-spider-574;https://www.powergamesenlinea.com/_sh/19/1963.webp
1940;234;« RAZER »;Razer;Silla Razer Enki X Essential Gaming;27995.00;;;02  2024 10:02 AM;2;0;1860;https://www.powergamesenlinea.com/shop/1940/desc/silla-razer-enkio-essential-gaming;https://www.powergamesenlinea.com/_sh/19/1940.webp
2060;154;Juegos de PS5;2K Sports;NBA 2K25 - PS5;2995.00;;;10  2024 12:55 PM;4.5;0;1619;https://www.powergamesenlinea.com/shop/2060/desc/nba-2k25-ps5;https://www.powergamesenlinea.com/_sh/20/2060.webp
2061;45;Juegos de PS4;2K Sports;NBA 2K25 - PS4;2995.00;;;10  2024 12:55 PM;2;0;1743;https://www.powergamesenlinea.com/shop/2061/desc/nba-2k25-ps4;https://www.powergamesenlinea.com/_sh/20/2061.webp
1941;147;« FIGURES »;Banpresto;One Piece Luffy Gear 4 2D;3695.00;;;12  2024 6:59 PM;1;0;1335;https://www.powergamesenlinea.com/shop/1941/desc/one-piece-luffy-gear-4-2d;https://www.powergamesenlinea.com/_sh/19/1941.webp
1942;147;« FIGURES »;Banpresto;One Piece Killer;1695.00;;;12  2024 7:29 PM;1;0;1353;https://www.powergamesenlinea.com/shop/1942/desc/one-piece-killer;https://www.powergamesenlinea.com/_sh/19/1942.webp
1943;147;« FIGURES »;Banpresto;One Piece Eustass Kid;1795.00;;;12  2024 7:32 PM;1;0;1193;https://www.powergamesenlinea.com/shop/1943/desc/one-piece-eustass-kid;https://www.powergamesenlinea.com/_sh/19/1943.webp
1944;147;« FIGURES »;Banpresto;One Piece Marco - Vol.18 Grandline;1695.00;;;12  2024 7:37 PM;1;0;1414;https://www.powergamesenlinea.com/shop/1944/desc/one-piece-marco;https://www.powergamesenlinea.com/_sh/19/1944.webp
1945;147;« FIGURES »;Banpresto;One Piece Nami;1695.00;;;12  2024 7:41 PM;1;0;1190;https://www.powergamesenlinea.com/shop/1945/desc/one-piece-nami;https://www.powergamesenlinea.com/_sh/19/1945.webp
1946;147;« FIGURES »;Banpresto;One Piece Marco - Vol. 21 Grandline;1795.00;;;12  2024 7:44 PM;1;0;1248;https://www.powergamesenlinea.com/shop/1946/desc/one-piece-marco-grandline-vol-21;https://www.powergamesenlinea.com/_sh/19/1946.webp
1947;147;« FIGURES »;Banpresto;One Piece Shinobi;1695.00;;;12  2024 7:49 PM;0;0;1140;https://www.powergamesenlinea.com/shop/1947/desc/one-piece-shinobi;https://www.powergamesenlinea.com/_sh/19/1947.webp
1948;147;« FIGURES »;Banpresto;One Piece Basil Hawkins;1695.00;;;12  2024 7:53 PM;0;0;1068;https://www.powergamesenlinea.com/shop/1948/desc/one-piece-basil-hawkins;https://www.powergamesenlinea.com/_sh/19/1948.webp
1949;147;« FIGURES »;Bandai;One Piece Sanji - King of the Artist;1995.00;;;12  2024 7:59 PM;0;0;1149;https://www.powergamesenlinea.com/shop/1949/desc/one-piece-sanji-king-of-the-artist;https://www.powergamesenlinea.com/_sh/19/1949.webp
1950;147;« FIGURES »;Bandai/Banpresto;One Piece Shanks - Film Red;1895.00;;;12  2024 8:04 PM;0;0;1091;https://www.powergamesenlinea.com/shop/1950/desc/one-piece-shanks-film-red;https://www.powergamesenlinea.com/_sh/19/1950.webp
1951;147;« FIGURES »;Bandai/Banpresto;One Piece Momonosuke - Vol. 1;1695.00;;;12  2024 8:06 PM;0;0;1153;https://www.powergamesenlinea.com/shop/1951/desc/one-piece-momonosuke-vol-1;https://www.powergamesenlinea.com/_sh/19/1951.webp
1952;147;« FIGURES »;Bandai/Banpresto;One Piece Kozuki Miyori - Vol. 4;1695.00;;;12  2024 8:11 PM;0;0;1004;https://www.powergamesenlinea.com/shop/1952/desc/one-piece-kozuki-miyori-vol-4;https://www.powergamesenlinea.com/_sh/19/1952.webp
1953;147;« FIGURES »;Bandai/Banpresto;One Piece Douglas Bullet - Vol. 7;1550.00;;;12  2024 8:14 PM;0;0;1143;https://www.powergamesenlinea.com/shop/1953/desc/one-piece-douglas-bullet-vol-7;https://www.powergamesenlinea.com/_sh/19/1953.webp
1954;147;« FIGURES »;Bandai/Banpresto;One Piece Roronoa Zoro Third Act - Masterlise Expiece;2795.00;;;12  2024 8:23 PM;0;0;1148;https://www.powergamesenlinea.com/shop/1954/desc/one-piece-roronoa-zoro-third-act-masterlise-expiece;https://www.powergamesenlinea.com/_sh/19/1954.webp
1955;147;« FIGURES »;Bandai/Banpresto;Toy Mini One Piece - WT100-55, 56, 57, 58, 59, 60;795.00;Cada Toy mini se vende por separado;;12  2024 8:29 PM;0;0;1176;https://www.powergamesenlinea.com/shop/1955/desc/toy-mini-one-piece-wt100-55-56-57-58-59-60;https://www.powergamesenlinea.com/_sh/19/1955.webp
1956;147;« FIGURES »;Bandai/Banpresto;One Piece Luffy Gear 4 - 8 Inch;4795.00;Wano;;12  2024 8:38 PM;0;0;1504;https://www.powergamesenlinea.com/shop/1956/desc/one-piece-luffy-gear-4-8-inch;https://www.powergamesenlinea.com/_sh/19/1956.webp
1957;147;« FIGURES »;Bandai/Banpresto;One Piece Ulti;1695.00;;;12  2024 8:41 PM;0;0;1086;https://www.powergamesenlinea.com/shop/1957/desc/one-piece-ulti;https://www.powergamesenlinea.com/_sh/19/1957.webp
1958;147;« FIGURES »;Bandai/Banpresto;One Piece Luffy Gear 5 - Battle Record;2295.00;;;12  2024 8:44 PM;0;0;1342;https://www.powergamesenlinea.com/shop/1958/desc/one-piece-luffy-gear-5-battle-record;https://www.powergamesenlinea.com/_sh/19/1958.webp
1959;147;« FIGURES »;Bandai/Banpresto;One Piece Luffy Gear 5;1995.00;;;12  2024 8:58 PM;0;0;1587;https://www.powergamesenlinea.com/shop/1959/desc/one-piece-luffy-gear-5;https://www.powergamesenlinea.com/_sh/19/1959.webp
1960;235;« COOL STUFF »;Hasbro;Star Wars Helmet The Mandalorian Premium (Casco);9350.00;;;20  2024 1:34 PM;0;0;1478;https://www.powergamesenlinea.com/shop/1960/desc/star-wars-helmet-the-mandalorian-premium-casco;https://www.powergamesenlinea.com/_sh/19/1960.webp
1961;98;« FUNKO POP! »;Funko Pop!;Deadpool with Swords #1362;1195.00;;;20  2024 1:44 PM;0;0;841;https://www.powergamesenlinea.com/shop/1961/desc/deadpool-with-swords-1362;https://www.powergamesenlinea.com/_sh/19/1961.webp
1970;98;« FUNKO POP! »;Funko Pop!;Harry Potter - Fawkes #87;850.00;;;24  2024 12:23 PM;0;0;1310;https://www.powergamesenlinea.com/shop/1970/desc/harry-potter-fawkes-87;https://www.powergamesenlinea.com/_sh/19/1970.webp
1976;98;« FUNKO POP! »;Funko Pop!;Harry Potter - Gilderoy Lockhart #152;780.00;;;24  2024 5:28 PM;0;0;1638;https://www.powergamesenlinea.com/shop/1976/desc/harry-potter-gilderoy-lockhart-152;https://www.powergamesenlinea.com/_sh/19/1976.webp
1978;98;« FUNKO POP! »;Funko Pop!;Harry Potter - Albus Dumbledore with Hog's Head Inn;2330.00;;;24  2024 5:35 PM;0;0;1642;https://www.powergamesenlinea.com/shop/1978/desc/harry-potter-albus-dumbledore-with-hog-s-head-inn;https://www.powergamesenlinea.com/_sh/19/1978.webp
1979;235;« COOL STUFF »;Paladone;"&#8205; LIGHT DECOR - Harry Potter Hogwarts Express";2065.00;;;24  2024 5:40 PM;0;0;2384;https://www.powergamesenlinea.com/shop/1979/desc/light-decor-harry-potter-hogwarts-express;https://www.powergamesenlinea.com/_sh/19/1979.webp
1980;235;« COOL STUFF »;Funko Pop!;"&#8205; CAULDRON - Harry Potter Cauldron Soup Ceramic Mug";1345.00;;;24  2024 5:47 PM;1;0;1660;https://www.powergamesenlinea.com/shop/1980/desc/cauldron-harry-potter-cauldron-soup-ceramic-mug;https://www.powergamesenlinea.com/_sh/19/1980.webp
1981;98;« FUNKO POP! »;Funko Pop!;"&#8205; Dragon Ball Z Kid Buu Bitty Pop! Mini-Figure 4";1495.00;;;24  2024 5:50 PM;0;0;3111;https://www.powergamesenlinea.com/shop/1981/desc/dragon-ball-z-kid-buu-bitty-pop;https://www.powergamesenlinea.com/_sh/19/1981.webp
1982;98;« FUNKO POP! »;Funko Pop!;Harley Quinn #450;850.00;;;24  2024 5:55 PM;0;0;1370;https://www.powergamesenlinea.com/shop/1982/desc/harley-quinn-450;https://www.powergamesenlinea.com/_sh/19/1982.webp
1983;98;« FUNKO POP! »;Funko Pop!;Harley Quinn #453;850.00;;;24  2024 5:57 PM;0;0;2083;https://www.powergamesenlinea.com/shop/1983/desc/harley-quinn-453;https://www.powergamesenlinea.com/_sh/19/1983.webp
1984;98;« FUNKO POP! »;Funko Pop!;Harley Quinn #451;850.00;;;24  2024 5:59 PM;0;0;1117;https://www.powergamesenlinea.com/shop/1984/desc/harley-quinn-451;https://www.powergamesenlinea.com/_sh/19/1984.webp
1985;98;« FUNKO POP! »;Funko Pop!;Harley Quinn #452;850.00;;;24  2024 6:06 PM;0;0;1310;https://www.powergamesenlinea.com/shop/1985/desc/harley-quinn-452;https://www.powergamesenlinea.com/_sh/19/1985.webp
1987;98;« FUNKO POP! »;Funko Pop!;Sherk - Gingy with Candy #1597;895.00;Se lava la carita con agua y con jab?n;;24  2024 6:13 PM;0;0;1117;https://www.powergamesenlinea.com/shop/1987/desc/sherk-gingy-with-candy-1597;https://www.powergamesenlinea.com/_sh/19/1987.webp
1989;98;« FUNKO POP! »;Funko Pop!;"&#8205; Funko Pop! Solo Leveling Beru Glow-in-the-Dark - 2022";2195.00;;;24  2024 6:19 PM;0;0;1513;https://www.powergamesenlinea.com/shop/1989/desc/solo-leveling-beru-2022;https://www.powergamesenlinea.com/_sh/19/1989.webp
1990;98;« FUNKO POP! »;Funko Pop!;Sherk - Burro #1598;895.00;;;24  2024 6:22 PM;0;0;1390;https://www.powergamesenlinea.com/shop/1990/desc/sherk-burro-1598;https://www.powergamesenlinea.com/_sh/19/1990.webp
1991;98;« FUNKO POP! »;Funko Pop!;Shakira Super Bowl #393;895.00;;;24  2024 6:25 PM;0;0;1324;https://www.powergamesenlinea.com/shop/1991/desc/shakira-super-bowl-393;https://www.powergamesenlinea.com/_sh/19/1991.webp
1996;98;« FUNKO POP! »;Funko Pop!;Transformers - Aniversario 40 a?os Megatron (Generaci?n 1) #132;895.00;;;24  2024 6:53 PM;0;0;1876;https://www.powergamesenlinea.com/shop/1996/desc/transformers-40-anos-transformers-megatron-generacion-1-132;https://www.powergamesenlinea.com/_sh/19/1996.webp
1997;98;« FUNKO POP! »;Funko Pop!;Pato Donald Aniversario 90 #1445;895.00;;;24  2024 6:56 PM;0;0;1663;https://www.powergamesenlinea.com/shop/1997/desc/pato-donald-aniversario-90-1445;https://www.powergamesenlinea.com/_sh/19/1997.webp
1998;98;« FUNKO POP! »;Funko Pop!;Marvel Venom - Venom #363;995.00;;;24  2024 7:01 PM;0;0;1413;https://www.powergamesenlinea.com/shop/1998/desc/marvel-venom-venom-363;https://www.powergamesenlinea.com/_sh/19/1998.webp
1999;98;« FUNKO POP! »;Funko Pop!;NBA Lakers - Lebron James #52 (camiseta blanca);995.00;;;24  2024 7:05 PM;0;0;1532;https://www.powergamesenlinea.com/shop/1999/desc/nba-slam-lebron-james-19;https://www.powergamesenlinea.com/_sh/19/1999.webp
2000;98;« FUNKO POP! »;Funko Pop!;NBA SLAM - LeBron James #19;1350.00;;;24  2024 7:05 PM;0;0;1465;https://www.powergamesenlinea.com/shop/2000/desc/nba-slam-lebron-james-19;https://www.powergamesenlinea.com/_sh/20/2000.webp
2003;98;« FUNKO POP! »;Funko Pop!;Bella Poarch #389;850.00;;;24  2024 7:12 PM;0;0;1299;https://www.powergamesenlinea.com/shop/2003/desc/bella-poarch-389;https://www.powergamesenlinea.com/_sh/20/2003.webp
2005;98;« FUNKO POP! »;Funko Pop!;Bleach - Yasutora Sado #1614;895.00;;;24  2024 7:21 PM;0;0;1589;https://www.powergamesenlinea.com/shop/2005/desc/bleach-yasutora-sado-1614;https://www.powergamesenlinea.com/_sh/20/2005.webp
2006;98;« FUNKO POP! »;Funko Pop!;Bleach - Ichigo Kurosaki #1610;995.00;;;24  2024 7:24 PM;0;0;1569;https://www.powergamesenlinea.com/shop/2006/desc/bleach-ichigo-kurosaki;https://www.powergamesenlinea.com/_sh/20/2006.webp
2007;98;« FUNKO POP! »;Funko Pop!;Bleach - Yoruichi Shihoin #1612;895.00;;;24  2024 7:26 PM;0;0;1419;https://www.powergamesenlinea.com/shop/2007/desc/bleach-yoruichi-shihoin-1612;https://www.powergamesenlinea.com/_sh/20/2007.webp
2009;98;« FUNKO POP! »;Funko Pop!;Bleach - Orihime Inoue #1611;895.00;;;24  2024 7:30 PM;0;0;1401;https://www.powergamesenlinea.com/shop/2009/desc/bleach-orihime-inoue-1611;https://www.powergamesenlinea.com/_sh/20/2009.webp
2010;98;« FUNKO POP! »;Funko Pop!;NBA JAM Knicks - Patrick Ewing and John Starks 2 Pack;1795.00;;;25  2024 11:03 AM;0;0;1481;https://www.powergamesenlinea.com/shop/2010/desc/nba-jam-knicks-patrick-ewing-and-john-starks-2-pack;https://www.powergamesenlinea.com/_sh/20/2010.webp
2011;98;« FUNKO POP! »;Funko Pop!;Fairy Tail - Mirajane Strauss #1050;800.00;;;25  2024 11:22 AM;0;0;1337;https://www.powergamesenlinea.com/shop/2011/desc/fairy-tail-mirajane-strauss-1050;https://www.powergamesenlinea.com/_sh/20/2011.webp
2012;98;« FUNKO POP! »;Funko Pop!;Fairy Tail - Erza Scarlet #1046;765.00;;;25  2024 11:39 AM;0;0;1603;https://www.powergamesenlinea.com/shop/2012/desc/fairy-tail-erza-scarlet-1046;https://www.powergamesenlinea.com/_sh/20/2012.webp
2013;98;« FUNKO POP! »;Funko Pop!;Fairy Tail - Jellal Fernandes #1047;800.00;;;25  2024 11:47 AM;0;0;1240;https://www.powergamesenlinea.com/shop/2013/desc/fairy-tail-jellal-fernandes-1047;https://www.powergamesenlinea.com/_sh/20/2013.webp
2014;98;« FUNKO POP! »;Funko Pop!;Fairy Tail - Laxus Dreyar #1048;695.00;;;25  2024 11:50 AM;0;0;1413;https://www.powergamesenlinea.com/shop/2014/desc/fairy-tail-laxus-dreyar-1048;https://www.powergamesenlinea.com/_sh/20/2014.webp
2015;98;« FUNKO POP! »;Funko Pop!;The Umbrella Academy - Hazel #937;780.00;;;25  2024 12:03 PM;0;0;1095;https://www.powergamesenlinea.com/shop/2015/desc/umbrella-academy-hazel-937;https://www.powergamesenlinea.com/_sh/20/2015.webp
2016;98;« FUNKO POP! »;Funko Pop!;The Umbrella Academy - Ben #1113;780.00;;;25  2024 12:06 PM;0;0;1161;https://www.powergamesenlinea.com/shop/2016/desc/the-umbrella-academy-ben-1113;https://www.powergamesenlinea.com/_sh/20/2016.webp
2017;98;« FUNKO POP! »;Funko Pop!;The Umbrella Academy - Vanya #1118;800.00;;;25  2024 12:10 PM;0;0;1121;https://www.powergamesenlinea.com/shop/2017/desc/the-umbrella-academy-vanya-1118;https://www.powergamesenlinea.com/_sh/20/2017.webp
2018;98;« FUNKO POP! »;Funko Pop!;The Umbrella Academy - Allison Hargreeves #1112;780.00;;;25  2024 12:12 PM;0;0;1208;https://www.powergamesenlinea.com/shop/2018/desc/the-umbrella-academy-allison-hargreeves-1112;https://www.powergamesenlinea.com/_sh/20/2018.webp
2019;98;« FUNKO POP! »;Funko Pop!;Marvel X-Men - WOLVERINE #26 (Comic Cover);1650.00;;;25  2024 12:24 PM;0;0;1188;https://www.powergamesenlinea.com/shop/2019/desc/marvel-x-men-wolverine-26-comic-cover;https://www.powergamesenlinea.com/_sh/20/2019.webp
2020;235;« COOL STUFF »;Paladone;L?mpara - Iron Man Mask Light;2395.00;;;25  2024 12:31 PM;0;0;1131;https://www.powergamesenlinea.com/shop/2020/desc/lampara-iron-man-mask-light;https://www.powergamesenlinea.com/_sh/20/2020.webp
2021;98;« FUNKO POP! »;Funko Pop!;Kellogg's Corn Flakes - Cornelius #225;895.00;;;25  2024 1:00 PM;0;0;1268;https://www.powergamesenlinea.com/shop/2021/desc/kellogg-s-corn-flakes-cornelius-funko-225;https://www.powergamesenlinea.com/_sh/20/2021.webp
2022;98;« FUNKO POP! »;Funko Pop!;Kellogg's Froot Loops - Toucan Sam #195;850.00;;;25  2024 1:03 PM;1;0;1207;https://www.powergamesenlinea.com/shop/2022/desc/kellogg-s-froot-loops-toucan-sam-195;https://www.powergamesenlinea.com/_sh/20/2022.webp
2023;98;« FUNKO POP! »;Funko Pop!;My Hero Academia - Mirio Togata #1004;850.00;;;25  2024 1:09 PM;0;0;1495;https://www.powergamesenlinea.com/shop/2023/desc/my-hero-academia-mirio-togata-1004;https://www.powergamesenlinea.com/_sh/20/2023.webp
2024;98;« FUNKO POP! »;Funko Pop!;My Hero Academia - Ryuko #1007;800.00;;;25  2024 1:11 PM;0;0;1512;https://www.powergamesenlinea.com/shop/2024/desc/my-hero-academia-ryuko-1007;https://www.powergamesenlinea.com/_sh/20/2024.webp
2025;98;« FUNKO POP! »;Funko Pop!;My Hero Academia - Best Jeanist #786;760.00;;;25  2024 1:14 PM;0;0;1576;https://www.powergamesenlinea.com/shop/2025/desc/my-hero-academia-best-jeanist-786;https://www.powergamesenlinea.com/_sh/20/2025.webp
2031;98;« FUNKO POP! »;Funko Pop!;Elvis '68 Comeback Special #188;800.00;;;25  2024 6:12 PM;0;0;1265;https://www.powergamesenlinea.com/shop/2031/desc/elvis-68-comeback-special-188;https://www.powergamesenlinea.com/_sh/20/2031.webp
2033;98;« FUNKO POP! »;Funko Pop!;Pantera Rosa Smiling #1551;895.00;;;25  2024 6:24 PM;0;0;1212;https://www.powergamesenlinea.com/shop/2033/desc/pantera-rosa-smiling-1551;https://www.powergamesenlinea.com/_sh/20/2033.webp
2034;98;« FUNKO POP! »;Funko Pop!;Mi Villano Favorito 4 - Mega Minion Gus #1554;895.00;;;25  2024 6:27 PM;0;0;1351;https://www.powergamesenlinea.com/shop/2034/desc/mi-villano-favorito-4-mega-minion-gus-1554;https://www.powergamesenlinea.com/_sh/20/2034.webp
2035;98;« FUNKO POP! »;Funko Pop!;Mi Villano Favorito 4 - Pajama Bob Funko #905;895.00;;;25  2024 6:30 PM;0;0;1348;https://www.powergamesenlinea.com/shop/2035/desc/mi-villano-favorito-4-pajama-bob-funko-905;https://www.powergamesenlinea.com/_sh/20/2035.webp
2039;147;« FIGURES »;Bandai/Banpresto;Sailor Moon - Pretty Guardian Fluffy Puffy;1700.00;7 cm;;26  2024 7:40 PM;0;0;1216;https://www.powergamesenlinea.com/shop/2039/desc/sailor-moon-pretty-guardian-fluffy-puffy;https://www.powergamesenlinea.com/_sh/20/2039.webp
2040;98;« FUNKO POP! »;Funko Pop!;Naruto Shippuden - Konan #1508;995.00;;;26  2024 7:45 PM;0;0;1249;https://www.powergamesenlinea.com/shop/2040/desc/naruto-shippuden-konan-1508;https://www.powergamesenlinea.com/_sh/20/2040.webp
2041;98;« FUNKO POP! »;Funko Pop!;Naruto Shippuden - Hidan #1505;895.00;;;26  2024 7:50 PM;0;0;1151;https://www.powergamesenlinea.com/shop/2041/desc/naruto-shippuden-hidan-1505;https://www.powergamesenlinea.com/_sh/20/2041.webp
2042;147;« FIGURES »;Bandai/Banpresto;The Movie Sailor Moon Eternal - Usagi Tsukino (QPosket);1750.00;;;26  2024 7:55 PM;0;0;1122;https://www.powergamesenlinea.com/shop/2042/desc/the-movie-sailor-moon-eternal-usagi-tsukino-posket;https://www.powergamesenlinea.com/_sh/20/2042.webp
2043;147;« FIGURES »;Bandai/Banpresto;The Movie Sailor Moon Eternal - Super Sailor Venus (QPosket);1750.00;;;26  2024 7:58 PM;0;0;1078;https://www.powergamesenlinea.com/shop/2043/desc/the-movie-sailor-moon-eternal-super-sailor-venus-qposket;https://www.powergamesenlinea.com/_sh/20/2043.webp
2044;147;« FIGURES »;Bandai/Banpresto;The Movie Sailor Moon Eternal - Super Sailor Moon-II;1750.00;;;26  2024 8:05 PM;0;0;1259;https://www.powergamesenlinea.com/shop/2044/desc/the-movie-sailor-moon-eternal-super-sailor-moon-ii;https://www.powergamesenlinea.com/_sh/20/2044.webp
2045;147;« FIGURES »;Bandai/Banpresto;One Piece - Nami WT100 Conmemorativo;5395.00;;;26  2024 8:55 PM;0;0;1295;https://www.powergamesenlinea.com/shop/2045/desc/one-piece-nami-wt100-conmemorativo;https://www.powergamesenlinea.com/_sh/20/2045.webp
2049;147;« FIGURES »;Bandai/Banpresto;Saint Seiya Saint Cosmo Memoir - Phoenix Ikki;1690.00;;;02  2024 6:14 PM;1;0;1123;https://www.powergamesenlinea.com/shop/2049/desc/saint-seiya-saint-cosmo-memoir-phoenix-ikki;https://www.powergamesenlinea.com/_sh/20/2049.webp
2050;147;« FIGURES »;Bandai/Banpresto;Pok?mon - Eevee;895.00;;;02  2024 6:42 PM;2;0;1367;https://www.powergamesenlinea.com/shop/2050/desc/pokemon-eevee;https://www.powergamesenlinea.com/_sh/20/2050.webp
2051;147;« FIGURES »;Bandai/Banpresto;Pok?mon - Gengar;1250.00;;;02  2024 6:45 PM;1;0;1330;https://www.powergamesenlinea.com/shop/2051/desc/pokemon-gengar;https://www.powergamesenlinea.com/_sh/20/2051.webp
2052;147;« FIGURES »;Bandai/Banpresto;Spy X Family - Loid Forger;2600.00;;;02  2024 6:52 PM;1;0;1129;https://www.powergamesenlinea.com/shop/2052/desc/spy-x-family-loid-forger;https://www.powergamesenlinea.com/_sh/20/2052.webp
2053;147;« FIGURES »;Bandai/Banpresto;Spy X Family - Anya Forger;2245.00;;;02  2024 6:56 PM;1;0;1169;https://www.powergamesenlinea.com/shop/2053/desc/spy-x-family-anya-forger;https://www.powergamesenlinea.com/_sh/20/2053.webp
2054;147;« FIGURES »;Bandai/Banpresto;Spy x Family - Yor Forger;1795.00;;;02  2024 6:59 PM;1;0;1261;https://www.powergamesenlinea.com/shop/2054/desc/spy-x-family-yor-forger;https://www.powergamesenlinea.com/_sh/20/2054.webp
2055;147;« FIGURES »;Funko Pop!;That Time I Got Reincarnated as a Slime - Otherworlder Vol. 12;1795.00;;;02  2024 7:07 PM;1;0;1283;https://www.powergamesenlinea.com/shop/2055/desc/slime-otherworlder-vol-12;https://www.powergamesenlinea.com/_sh/20/2055.webp
2056;147;« FIGURES »;Bandai/Banpresto;Jujutsu Kaisen - Megumi Fushiguro;1350.00;;;02  2024 7:13 PM;1;0;1431;https://www.powergamesenlinea.com/shop/2056/desc/jujutsu-kaisen-megumi-fushiguro;https://www.powergamesenlinea.com/_sh/20/2056.webp
2057;147;« FIGURES »;Bandai/Banpresto;Jujutsu Kaisen - Nobara Kugisaki;1795.00;;;02  2024 7:20 PM;1;0;1797;https://www.powergamesenlinea.com/shop/2057/desc/jujutsu-kaisen-nobara-kugisaki;https://www.powergamesenlinea.com/_sh/20/2057.webp
2058;65;Juegos de Nintendo Switch;Team Cherry;Hollow Knight - Nintendo Switch | 011989;2895.00;;;23  2024 2:53 PM;0;0;5001;https://www.powergamesenlinea.com/shop/2058/desc/ps5-astro-bot-bundle;https://www.powergamesenlinea.com/_sh/20/2058.webp
2418;154;Juegos de PS5;Bandai Namco;MY HERO ACADEMIA: All’s Justice - PlayStation 5 | 013184;3995.00;;;25  2026 11:39 PM;0;0;568;https://www.powergamesenlinea.com/shop/2418/desc/my-hero-academia-all-s-justice-playstation-5-013184;https://www.powergamesenlinea.com/_sh/24/2418.webp
2430;98;« FUNKO POP! »;Funko Pop!;NBC - Jack Skellington #809;3995.00;10inch Super-Sized;;20  2026 6:13 PM;0;0;130;https://www.powergamesenlinea.com/shop/2430/desc/nbc-jack-skellington-809;https://www.powergamesenlinea.com/_sh/24/2430.webp
2420;154;Juegos de PS5;Team Ninja / Koei Tecmo Games;Nioh 3: SteelBook Launch Edition - PlayStation 5 | 013185;4595.00;;;25  2026 11:47 PM;0;0;646;https://www.powergamesenlinea.com/shop/2420/desc/nioh-3-steelbook-launch-edition-playstation5;https://www.powergamesenlinea.com/_sh/24/2420.webp
2431;98;« FUNKO POP! »;Funko Pop!;NBC - Patchwork Jack Skellington #1643;1295.00;;;20  2026 6:17 PM;0;0;116;https://www.powergamesenlinea.com/shop/2431/desc/nbc-patchwork-jack-skellington-1643;https://www.powergamesenlinea.com/_sh/24/2431.webp
2432;98;« FUNKO POP! »;Funko Pop!;The Nightmare Before Christmas - Jack Skellington's Room;2095.00;;;20  2026 6:21 PM;0;0;164;https://www.powergamesenlinea.com/shop/2432/desc/the-nightmare-before-christmas-jack-skellington-s-room;https://www.powergamesenlinea.com/_sh/24/2432.webp
2433;98;« FUNKO POP! »;Funko Pop!;Solo Leveling - Woo Jinchul #2271;1350.00;;;20  2026 6:27 PM;0;0;181;https://www.powergamesenlinea.com/shop/2433/desc/solo-leveling-woo-jinchul-2271;https://www.powergamesenlinea.com/_sh/24/2433.webp
2434;98;« FUNKO POP! »;Funko Pop!;Solo Leveling - Baek Yoonho #2268;1295.00;;;20  2026 6:29 PM;0;0;250;https://www.powergamesenlinea.com/shop/2434/desc/solo-leveling-baek-yoonho-2268;https://www.powergamesenlinea.com/_sh/24/2434.webp
2435;98;« FUNKO POP! »;Funko Pop!;Solo Leveling - Jinwoo Vs. Cerberus #2272;2150.00;;;20  2026 6:42 PM;0;0;258;https://www.powergamesenlinea.com/shop/2435/desc/solo-leveling-jinwoo-vs-cerberus-2272;https://www.powergamesenlinea.com/_sh/24/2435.webp
2436;98;« FUNKO POP! »;Funko Pop!;Solo Leveling - Cha Hae-In #1983;1350.00;;;20  2026 6:44 PM;0;0;240;https://www.powergamesenlinea.com/shop/2436/desc/solo-leveling-cha-hae-in-1983;https://www.powergamesenlinea.com/_sh/24/2436.webp
2059;154;Juegos de PS5;CD Projekt Red;Cyberpunk 2077: Ultimate Edition - PlayStation 5 | 011524;3095.00;;;27  2024 5:09 PM;0;0;2541;https://www.powergamesenlinea.com/shop/2059/desc/cyberpunk-2077-ultimate-edition-ps5;https://www.powergamesenlinea.com/_sh/20/2059.webp
2437;98;« FUNKO POP! »;Funko Pop!;Solo Leveling- Choi Jong-in #2269;1350.00;;;20  2026 6:45 PM;0;0;207;https://www.powergamesenlinea.com/shop/2437/desc/solo-leveling-choi-jong-in-2269;https://www.powergamesenlinea.com/_sh/24/2437.webp
2438;98;« FUNKO POP! »;Funko Pop!;Solo Leveling - Go Gunhee #2270;1295.00;;;20  2026 6:51 PM;0;0;229;https://www.powergamesenlinea.com/shop/2438/desc/solo-leveling-go-gunhee-2270;https://www.powergamesenlinea.com/_sh/24/2438.webp
2439;98;« FUNKO POP! »;Funko Pop!;Solo Leveling - Igris #1985;1295.00;;;20  2026 6:52 PM;0;0;223;https://www.powergamesenlinea.com/shop/2439/desc/solo-leveling-igris-1985;https://www.powergamesenlinea.com/_sh/24/2439.webp
2440;98;« FUNKO POP! »;Funko Pop!;Solo Leveling - Igris EE #1985;4795.00;;;20  2026 6:53 PM;0;0;200;https://www.powergamesenlinea.com/shop/2440/desc/solo-leveling-igris-ee-1985;https://www.powergamesenlinea.com/_sh/24/2440.webp
2441;98;« FUNKO POP! »;Funko Pop!;Solo Leveling - Sung Jinwoo #1982;1395.00;;;20  2026 6:56 PM;0;0;240;https://www.powergamesenlinea.com/shop/2441/desc/solo-leveling-sung-jinwoo-1982;https://www.powergamesenlinea.com/_sh/24/2441.webp
2442;98;« FUNKO POP! »;Funko Pop!;Solo Leveling - Sung Jinwoo EE #1982;2995.00;;;20  2026 6:58 PM;0;0;209;https://www.powergamesenlinea.com/shop/2442/desc/solo-leveling-sung-jinwoo-ee-1982;https://www.powergamesenlinea.com/_sh/24/2442.webp
2443;98;« FUNKO POP! »;Funko Pop!;Star Wars - Darth Vader EE #279;1895.00;;;20  2026 7:02 PM;0;0;169;https://www.powergamesenlinea.com/shop/2443/desc/star-wars-darth-vader-ee-279;https://www.powergamesenlinea.com/_sh/24/2443.webp
2444;98;« FUNKO POP! »;Funko Pop!;Star Wars - C1-10P #797;1450.00;;;20  2026 7:58 PM;0;0;245;https://www.powergamesenlinea.com/shop/2444/desc/star-wars-c1-10p-797;https://www.powergamesenlinea.com/_sh/24/2444.webp
2445;98;« FUNKO POP! »;Funko Pop!;Star Wars - Andor Maarva #762;1095.00;;;20  2026 8:01 PM;0;0;232;https://www.powergamesenlinea.com/shop/2445/desc/star-wars-andor-maarva-762;https://www.powergamesenlinea.com/_sh/24/2445.webp
2446;98;« FUNKO POP! »;Funko Pop!;Star Wars - Bb-8 #196;1195.00;;;20  2026 8:04 PM;0;0;155;https://www.powergamesenlinea.com/shop/2446/desc/star-wars-bb-8-196;https://www.powergamesenlinea.com/_sh/24/2446.webp
2062;65;Juegos de Nintendo Switch;2K Sports;NBA 2K25 - Switch;2995.00;;;10  2024 12:56 PM;5;0;1767;https://www.powergamesenlinea.com/shop/2062/desc/nba-2k25-switch;https://www.powergamesenlinea.com/_sh/20/2062.webp
2066;215;« REDRAGON »;Redragon;Gaming Chair - GAIA C211 - (Black/White) - Silla Gamer;17495.00;;;19  2024 8:26 PM;0;0;1449;https://www.powergamesenlinea.com/shop/2066/desc/https-redragon-es-products-best-seller-gaia-c211;https://www.powergamesenlinea.com/_sh/20/2066.webp
2067;215;« REDRAGON »;Redragon;Redragon 848 IRE PRO ultra light Wireless Gaming Headset;3450.00;;;19  2024 8:37 PM;3;0;1415;https://www.powergamesenlinea.com/shop/2067/desc/redragon-ire-pro-ultra-light-wireless-gaming-headset;https://www.powergamesenlinea.com/_sh/20/2067.webp
2068;224;« CARTAS POKEMON »;The Pokemon Company;Pokemon Stellar Crown Booster Bundle;3795.00;;;20  2024 5:26 PM;4.75;0;2214;https://www.powergamesenlinea.com/shop/2068/desc/pokemon-stellar-crown-booster-bundle;https://www.powergamesenlinea.com/_sh/20/2068.webp
2069;45;Juegos de PS4;Electronic Arts;It Takes Two - PS4 | 011818;2195.00;;;20  2024 6:10 PM;5;0;695;https://www.powergamesenlinea.com/shop/2069/desc/it-takes-two-ps4;https://www.powergamesenlinea.com/_sh/20/2069.webp
2146;36;«Juegos»;Nintendo;Donkey Kong Country Returns HD ns;3500.00;;;16  2025 11:29 AM;0;0;1789;https://www.powergamesenlinea.com/shop/2146/desc/donkey-kong-country-returns-hd-ns;https://www.powergamesenlinea.com/_sh/21/2146.webp
2072;45;Juegos de PS4;Warner Bros. Games;Hogwarts Legacy - PS4;3650.00;;;20  2024 8:14 PM;0;0;1600;https://www.powergamesenlinea.com/shop/2072/desc/hogwarts-legacy-ps4;https://www.powergamesenlinea.com/_sh/20/2072.webp
2073;66;Accesorios Nintendo Switch;Hori;Pokeball Plus Charge Stand/switch - Nintendo Switch;1350.00;;;27  2024 10:34 AM;0;0;1552;https://www.powergamesenlinea.com/shop/2073/desc/pokeball-plus-charge-stand-switch-nintendo-switch;https://www.powergamesenlinea.com/_sh/20/2073.webp
2074;66;Accesorios Nintendo Switch;PowerA;Protection Case - Pok?mon Pikachu vs. Dragonite;1895.00;;;27  2024 10:48 AM;0;0;1667;https://www.powergamesenlinea.com/shop/2074/desc/protection-case-pokemon-pikachu-vs-dragonite;https://www.powergamesenlinea.com/_sh/20/2074.webp
2075;66;Accesorios Nintendo Switch;PowerA;Slim Travel Pro Case - Pikachu;2095.00;;;27  2024 10:54 AM;0;0;1242;https://www.powergamesenlinea.com/shop/2075/desc/slim-travel-pro-case-pikachu;https://www.powergamesenlinea.com/_sh/20/2075.webp
2076;66;Accesorios Nintendo Switch;PowerA;Protection Case - Kirby;2095.00;;;27  2024 10:58 AM;1;0;1211;https://www.powergamesenlinea.com/shop/2076/desc/protection-case-kirby;https://www.powergamesenlinea.com/_sh/20/2076.webp
2077;66;Accesorios Nintendo Switch;RDS Industries;Deluxe Travel Case - Legend of Zelda Breath of the Wild;1895.00;;;27  2024 11:08 AM;0;0;1810;https://www.powergamesenlinea.com/shop/2077/desc/deluxe-travel-case-legend-of-zelda-breath-of-the-wild;https://www.powergamesenlinea.com/_sh/20/2077.webp
2078;66;Accesorios Nintendo Switch;RDS Industries;Deluxe Travel Case - The Legend of Zelda Breath of the Wild;1795.00;;;27  2024 11:16 AM;0;0;1621;https://www.powergamesenlinea.com/shop/2078/desc/deluxe-travel-case-the-legend-of-zelda-breath-of-the-wild;https://www.powergamesenlinea.com/_sh/20/2078.webp
2079;66;Accesorios Nintendo Switch;PowerA;Protection Kit For Nintendo Switch Lite - Hyrule Link;1650.00;Exclusivo de Nintendo Switch Lite;;27  2024 11:22 AM;0;0;1723;https://www.powergamesenlinea.com/shop/2079/desc/protection-kit-for-nintendo-switch-lite-hyrule-link;https://www.powergamesenlinea.com/_sh/20/2079.webp
2080;66;Accesorios Nintendo Switch;Hori;Vault Case - Mario;1995.00;;;27  2024 11:28 AM;0;0;1300;https://www.powergamesenlinea.com/shop/2080/desc/vault-case-mario;https://www.powergamesenlinea.com/_sh/20/2080.webp
2082;66;Accesorios Nintendo Switch;RDS Industries;Nintendo Switch Lite Traveler Deluxe - Luigi's Mansion 3 Travel;1695.00;;;27  2024 11:36 AM;0;0;1748;https://www.powergamesenlinea.com/shop/2082/desc/nintendo-switch-lite-traveler-deluxe-luigi-s-mansion-3-travel;https://www.powergamesenlinea.com/_sh/20/2082.webp
2083;66;Accesorios Nintendo Switch;RDS Industries;Travel Case - Super Mario;0.00;;;27  2024 11:40 AM;0;0;1245;https://www.powergamesenlinea.com/shop/2083/desc/travel-case-super-mario;https://www.powergamesenlinea.com/_sh/20/2083.webp
2085;66;Accesorios Nintendo Switch;PowerA;Protection Case - Super Mario Black;1695.00;;;27  2024 11:44 AM;1;0;1689;https://www.powergamesenlinea.com/shop/2085/desc/protection-case-super-mario-black;https://www.powergamesenlinea.com/_sh/20/2085.webp
2086;66;Accesorios Nintendo Switch;RDS Industries;Deluxe Travel Case - Zelda;1795.00;;;27  2024 12:05 PM;0;0;1701;https://www.powergamesenlinea.com/shop/2086/desc/deluxe-travel-case-zelda;https://www.powergamesenlinea.com/_sh/20/2086.webp
2087;66;Accesorios Nintendo Switch;RDS Industries;Case - Zelda Hyrule;1895.00;;;27  2024 12:08 PM;3;0;1813;https://www.powergamesenlinea.com/shop/2087/desc/case-zelda-hyrule;https://www.powergamesenlinea.com/_sh/20/2087.webp
2088;66;Accesorios Nintendo Switch;PowerA;Enhanced Wired Controller and Slim Case Nintendo Switch - Mario Fireball;2595.00;;;27  2024 12:11 PM;1;0;2173;https://www.powergamesenlinea.com/shop/2088/desc/enhanced-wired-controller-and-slim-case-nintendo-switch-mario-fireball;https://www.powergamesenlinea.com/_sh/20/2088.webp
2089;66;Accesorios Nintendo Switch;PowerA;Enhanced Wired Controller and Slim Case for Nintendo Switch — Master Sword (Zelda);2495.00;;;27  2024 12:14 PM;1;0;2404;https://www.powergamesenlinea.com/shop/2089/desc/enhanced-wired-controller-and-slim-case-for-nintendo-switch-master-sword-zelda;https://www.powergamesenlinea.com/_sh/20/2089.webp
2090;66;Accesorios Nintendo Switch;PowerA;Enhanced Wired Controller and Slim Case for Nintendo Switch — Pikachu High Voltage;2295.00;;;27  2024 12:21 PM;3;0;2218;https://www.powergamesenlinea.com/shop/2090/desc/enhanced-wired-controller-and-slim-case-for-nintendo-switch-pikachu-high-voltage;https://www.powergamesenlinea.com/_sh/20/2090.webp
2091;66;Accesorios Nintendo Switch;PowerA;Protection Case - Kirby Face;2295.00;;;27  2024 1:43 PM;1;0;1479;https://www.powergamesenlinea.com/shop/2091/desc/protection-case-kirby-face;https://www.powergamesenlinea.com/_sh/20/2091.webp
2101;66;Accesorios Nintendo Switch;PowerA;Enhanced Wired Controller – Pikachu Blush;1895.00;;;27  2024 8:31 PM;0;0;2226;https://www.powergamesenlinea.com/shop/2101/desc/enhanced-wired-controller-pikachu-blush;https://www.powergamesenlinea.com/_sh/21/2101.webp
2102;154;Juegos de PS5;EA SPORTS;FC 25 -PS5;3200.00;;;28  2024 2:23 PM;4;0;1723;https://www.powergamesenlinea.com/shop/2102/desc/fc-25-ps5;https://www.powergamesenlinea.com/_sh/21/2102.webp
2103;245;« JBL »;JBL Harman;"&#8205; JBL Quantum 100 M2 - Purple";3195.00;;;28  2024 2:23 PM;2.33;0;2126;https://www.powergamesenlinea.com/shop/2103/desc/jbl-quantum-100-m2-purple;https://www.powergamesenlinea.com/_sh/21/2103.webp
2105;65;Juegos de Nintendo Switch;Nintendo;The Legend of Zelda Echoes of Wisdom | 011982;3795.00;;;28  2024 2:26 PM;1;0;2765;https://www.powergamesenlinea.com/shop/2105/desc/zelda-echoes-of-wisdom;https://www.powergamesenlinea.com/_sh/21/2105.webp
2106;154;Juegos de PS5;Konami;Silent Hill 2 - PS5 |011997;3895.00;;;15  2024 2:59 PM;0;0;1602;https://www.powergamesenlinea.com/shop/2106/desc/silent-hill;https://www.powergamesenlinea.com/_sh/21/2106.webp
2108;65;Juegos de Nintendo Switch;Nintendo;Super Mario Party Jamboree | 012086;3595.00;;;18  2024 3:59 PM;4;0;1747;https://www.powergamesenlinea.com/shop/2108/desc/super-mario-party-jamboree;https://www.powergamesenlinea.com/_sh/21/2108.webp
2109;154;Juegos de PS5;Microsoft;Call Of Duty Black OPS 6 - PS5 | 012111;4095.00;;;25  2024 3:49 PM;5;0;2418;https://www.powergamesenlinea.com/shop/2109/desc/call-of-duty-black-ops-6-ps5;https://www.powergamesenlinea.com/_sh/21/2109.webp
2111;65;Juegos de Nintendo Switch;Sega;Sonic X Shadow Generations - Switch | 012108;3395.00;;;25  2024 3:50 PM;0;0;1926;https://www.powergamesenlinea.com/shop/2111/desc/sonic-x-shadow-generations-switch;https://www.powergamesenlinea.com/_sh/21/2111.webp
2112;154;Juegos de PS5;Sega;Sonic X Shadow Generations | 012109;2195.00;;;25  2024 3:51 PM;0;0;1518;https://www.powergamesenlinea.com/shop/2112/desc/sonic-x-shadow-generations;https://www.powergamesenlinea.com/_sh/21/2112.webp
2116;157;« STEEL-SERIES »;SteelSeries;"&#8205; SteelSeries Prime Wired";1495.00;;;28  2024 12:32 PM;0;0;1315;https://www.powergamesenlinea.com/shop/2116/desc/steelseries-prime-wired;https://www.powergamesenlinea.com/_sh/21/2116.webp
2117;157;« STEEL-SERIES »;SteelSeries;"&#8205; Aerox 3 wireless";5495.00;;;28  2024 12:38 PM;0;0;1823;https://www.powergamesenlinea.com/shop/2117/desc/aerox-3-wireless;https://www.powergamesenlinea.com/_sh/21/2117.webp
2118;234;« RAZER »;Razer;"&#8205; Razer Leviathan V2 X";8095.00;;;29  2024 10:42 AM;0;0;1582;https://www.powergamesenlinea.com/shop/2118/desc/razer-leviathan-v2-x;https://www.powergamesenlinea.com/_sh/21/2118.webp
2119;98;« FUNKO POP! »;Funko Pop!;Harry Potter - Sirius Black #08;1600.00;;;30  2024 10:45 AM;0;0;1279;https://www.powergamesenlinea.com/shop/2119/desc/harry-potter-sirius-black-08;https://www.powergamesenlinea.com/_sh/21/2119.webp
2120;98;« FUNKO POP! »;Funko Pop!;Harry Potter - Ginny Weasley #46;895.00;;;30  2024 11:25 AM;1;0;1158;https://www.powergamesenlinea.com/shop/2120/desc/harry-potter-ginny-weasley-46;https://www.powergamesenlinea.com/_sh/21/2120.webp
2121;98;« FUNKO POP! »;Funko Pop!;Harry Potter - Minerva McGonagall #37;895.00;;;30  2024 11:32 AM;0;0;1145;https://www.powergamesenlinea.com/shop/2121/desc/harry-potter-minerva-mcgonagall-37;https://www.powergamesenlinea.com/_sh/21/2121.webp
2122;98;« FUNKO POP! »;Funko Pop!;Harry Potter - Ron Weasley With Candy #166;895.00;;;30  2024 11:42 AM;0;0;1275;https://www.powergamesenlinea.com/shop/2122/desc/harry-potter-ron-weasley-with-candy-166;https://www.powergamesenlinea.com/_sh/21/2122.webp
2123;98;« FUNKO POP! »;Funko Pop!;Harry Potter - Harry Potter with broom #165;895.00;;;30  2024 11:49 AM;0;0;1401;https://www.powergamesenlinea.com/shop/2123/desc/harry-potter-harry-potter-with-broom-165;https://www.powergamesenlinea.com/_sh/21/2123.webp
2126;98;« FUNKO POP! »;Funko Pop!;Pokemon - Greninja #968;1195.00;;;30  2024 12:00 PM;0;0;1482;https://www.powergamesenlinea.com/shop/2126/desc/pokemon-greninja-968;https://www.powergamesenlinea.com/_sh/21/2126.webp
2127;98;« FUNKO POP! »;Funko Pop!;Pokemon - Mew #643;1095.00;;;30  2024 12:05 PM;0;0;1323;https://www.powergamesenlinea.com/shop/2127/desc/pokemon-mew-643;https://www.powergamesenlinea.com/_sh/21/2127.webp
2131;98;« FUNKO POP! »;Funko Pop!;Disney Lion King - Luau Pumbaa #498;895.00;;;30  2024 12:11 PM;0;0;1507;https://www.powergamesenlinea.com/shop/2131/desc/disney-lion-king-luau-pumbaa-498;https://www.powergamesenlinea.com/_sh/21/2131.webp
2132;98;« FUNKO POP! »;Funko Pop!;Disney Lion King - Luau Timon #500;895.00;;;31  2024 12:01 PM;0;0;1433;https://www.powergamesenlinea.com/shop/2132/desc/disney-lion-king-luau-timon-500;https://www.powergamesenlinea.com/_sh/21/2132.webp
2133;65;Juegos de Nintendo Switch;Ubisoft;Assassin's Creed III: Remastered - NS | 008928;1795.00;;;08  2024 12:31 PM;2.5;0;2599;https://www.powergamesenlinea.com/shop/2133/desc/assassin-creed-3-remastered-ns;https://www.powergamesenlinea.com/_sh/21/2133.webp
2134;245;« JBL »;JBL Harman;"&#8205; JBL Quantum 100 M2 - White";3195.00;;;08  2024 12:33 PM;1;0;2484;https://www.powergamesenlinea.com/shop/2134/desc/jbl-quantum-100-m2-white;https://www.powergamesenlinea.com/_sh/21/2134.webp
2136;148;PlayStation 5;Sony;"&#8205;Playstation 5 PRO DIGTAL - PS5 PRO | 012130";53495.00;Consola Sony PlayStation 5 Pro Digital;;13  2024 10:29 AM;4;0;8665;https://www.powergamesenlinea.com/shop/2136/desc/playstation-5-pro;https://www.powergamesenlinea.com/_sh/21/2136.webp
2137;146;Xbox Series X|S;Microsoft;"&#8205; *AGOTADO* Xbox Series X – 1TB Digital Edition | 012131";37995.00;Microsoft Xbox Series X – 1TB Digital Edition;;13  2024 3:08 PM;3;0;4171;https://www.powergamesenlinea.com/shop/2137/desc/xbox-series-x-1tb-digital-edition;https://www.powergamesenlinea.com/_sh/21/2137.webp
2139;154;Juegos de PS5;Sony Studio / Polyphony Digital;Gran Turismo 7 Standard Edition - PS5 | 010003;3295.00;;;29  2024 2:34 PM;0;0;3148;https://www.powergamesenlinea.com/shop/2139/desc/gran-turismo-7-standard-edition-ps5;https://www.powergamesenlinea.com/_sh/21/2139.webp
2447;98;« FUNKO POP! »;Funko Pop!;Star Wars - BB-8 #640;850.00;;;20  2026 8:06 PM;0;0;239;https://www.powergamesenlinea.com/shop/2447/desc/star-wars-bb-8-640;https://www.powergamesenlinea.com/_sh/24/2447.webp
2448;98;« FUNKO POP! »;Funko Pop!;Star Wars - BB-8 #590;800.00;;;20  2026 8:08 PM;0;0;234;https://www.powergamesenlinea.com/shop/2448/desc/star-wars-bb-8-590;https://www.powergamesenlinea.com/_sh/24/2448.webp
2449;98;« FUNKO POP! »;Funko Pop!;Star Wars: The Mandalorian - Bo-Katan Kryze #714;995.00;;;20  2026 8:10 PM;0;0;200;https://www.powergamesenlinea.com/shop/2449/desc/star-wars-the-mandalorian-bo-katan-kryze-714;https://www.powergamesenlinea.com/_sh/24/2449.webp
2450;98;« FUNKO POP! »;Funko Pop!;Star Wars - C-3PO #13;850.00;;;20  2026 8:15 PM;0;0;181;https://www.powergamesenlinea.com/shop/2450/desc/star-wars-c-3po-13;https://www.powergamesenlinea.com/_sh/24/2450.webp
2451;98;« FUNKO POP! »;Funko Pop!;Star Wars - Andor Cassian #759;1095.00;;;20  2026 8:17 PM;0;0;243;https://www.powergamesenlinea.com/shop/2451/desc/star-wars-andor-cassian-759;https://www.powergamesenlinea.com/_sh/24/2451.webp
2452;98;« FUNKO POP! »;Funko Pop!;Star Wars - Count Dooku (Retro) #833;1295.00;;;20  2026 8:20 PM;0;0;189;https://www.powergamesenlinea.com/shop/2452/desc/star-wars-count-dooku-retro-833;https://www.powergamesenlinea.com/_sh/24/2452.webp
2453;98;« FUNKO POP! »;Funko Pop!;Star Wars - Darth Vader #597;1350.00;;;20  2026 8:29 PM;0;0;288;https://www.powergamesenlinea.com/shop/2453/desc/star-wars-darth-vader-597;https://www.powergamesenlinea.com/_sh/24/2453.webp
2138;148;PlayStation 5;Sony;Playstation 5 Slim Digital - Edition Fortnite flowering chaos bundle - PS5 - | 012145;35995.00;PS5 Console - Fortnite Cobal;;27  2024 5:56 PM;3.33;0;4689;https://www.powergamesenlinea.com/shop/2138/desc/ps5-console-fortnite-cobalt-star;https://www.powergamesenlinea.com/_sh/21/2138.webp
2140;148;PlayStation 5;Sony;Playstation 5 Disco - Fortnite Cobalt Star - PS5- | 012164;39495.00;Playstation 5 Disco - Fortnite Cobalt;;09  2024 4:39 PM;3.75;0;5164;https://www.powergamesenlinea.com/shop/2140/desc/playstation-5-disco-fortnite-cobalt;https://www.powergamesenlinea.com/_sh/21/2140.webp
2141;65;Juegos de Nintendo Switch;Square Enix;Dragon Quest III HD-2D Remake | 012147;3695.00;;;09  2024 4:50 PM;0;0;2223;https://www.powergamesenlinea.com/shop/2141/desc/dragon-quest-iii-hd-2d-remake-012147;https://www.powergamesenlinea.com/_sh/21/2141.webp
2144;154;Juegos de PS5;Game Science Interactive Technology Co., Ltd;Black Myth: Wukong - PS5 |012163;4095.00;;;13  2024 5:49 PM;0;0;2682;https://www.powergamesenlinea.com/shop/2144/desc/black-myth-wukong-ps5;https://www.powergamesenlinea.com/_sh/21/2144.webp
2145;65;Juegos de Nintendo Switch;Electronic Arts / EA SPORTS;FC 25 - NS;3200.00;;;20  2024 12:34 PM;0;0;2658;https://www.powergamesenlinea.com/shop/2145/desc/fc-25-ns;https://www.powergamesenlinea.com/_sh/21/2145.webp
2150;98;« FUNKO POP! »;Funko Pop!;Demon Slayer - Nezuko Kamado #868;995.00;;;06  2025 11:14 AM;0;0;916;https://www.powergamesenlinea.com/shop/2150/desc/demon-slayer-nezuko-kamado-868;https://www.powergamesenlinea.com/_sh/21/2150.webp
2151;98;« FUNKO POP! »;Funko Pop!;Demon Slayer - Inosuke Hashibira #870;995.00;;;06  2025 11:23 AM;0;0;914;https://www.powergamesenlinea.com/shop/2151/desc/demon-slayer-inosuke-hashibira-870;https://www.powergamesenlinea.com/_sh/21/2151.webp
2152;98;« FUNKO POP! »;Funko Pop!;Demon Slayer - Tanjuro Kamado #1255;1995.00;AAA Anime Exclusivo;;06  2025 11:30 AM;0;0;893;https://www.powergamesenlinea.com/shop/2152/desc/demon-slayer-tanjuro-kamado-1255;https://www.powergamesenlinea.com/_sh/21/2152.webp
2153;98;« FUNKO POP! »;Funko Pop!;Demon Slayer - Sabito #1404;850.00;;;06  2025 11:34 AM;0;0;899;https://www.powergamesenlinea.com/shop/2153/desc/demon-slayer-sabito-1404;https://www.powergamesenlinea.com/_sh/21/2153.webp
2154;98;« FUNKO POP! »;Funko Pop!;Demon Slayer - Muzan Kibutsuji #871;1095.00;;;06  2025 11:39 AM;0;0;888;https://www.powergamesenlinea.com/shop/2154/desc/demon-slayer-muzan-kibutsuji-871;https://www.powergamesenlinea.com/_sh/21/2154.webp
2155;98;« FUNKO POP! »;Funko Pop!;Demon Slayer - Tengen Uzui #1533;1195.00;;;06  2025 11:50 AM;0;0;1119;https://www.powergamesenlinea.com/shop/2155/desc/demon-slayer-tengen-uzui-1533;https://www.powergamesenlinea.com/_sh/21/2155.webp
2156;98;« FUNKO POP! »;Funko Pop!;Avatar The Last Airbender- Katara #535;750.00;;;06  2025 1:03 PM;0;0;1254;https://www.powergamesenlinea.com/shop/2156/desc/avatar-the-last-airbender-aang-1806;https://www.powergamesenlinea.com/_sh/21/2156.webp
2157;98;« FUNKO POP! »;Funko Pop!;"&#8205; Funko Pop! Kung Fu Panda - Po 1567 CHASE";1295.00;;;06  2025 1:04 PM;0;0;1319;https://www.powergamesenlinea.com/shop/2157/desc/funko-pop-kung-fu-panda-po-1567-chase;https://www.powergamesenlinea.com/_sh/21/2157.webp
2158;98;« FUNKO POP! »;Funko Pop!;Avatar The Last Airbender- Aang #1806;2250.00;;;06  2025 1:04 PM;0;0;1338;https://www.powergamesenlinea.com/shop/2158/desc/avatar-the-last-airbender-aang-1806;https://www.powergamesenlinea.com/_sh/21/2158.webp
2159;98;« FUNKO POP! »;Funko Pop!;Movie Avatar - Miles Quaritch #1324;750.00;;;06  2025 1:23 PM;0;0;1190;https://www.powergamesenlinea.com/shop/2159/desc/movie-avatar-miles-quaritch-1324;https://www.powergamesenlinea.com/_sh/21/2159.webp
2160;98;« FUNKO POP! »;Funko Pop!;Movie Avatar - Neytiri #1322;850.00;;;06  2025 1:25 PM;0;0;832;https://www.powergamesenlinea.com/shop/2160/desc/movie-avatar-neytiri-1322;https://www.powergamesenlinea.com/_sh/21/2160.webp
2161;98;« FUNKO POP! »;Funko Pop!;"&#8205; Funko Pop! Attack On Titan Connie Springer - 1991";1295.00;;;06  2025 1:28 PM;0;0;1533;https://www.powergamesenlinea.com/shop/2161/desc/attack-on-titan-connie-springer-1991;https://www.powergamesenlinea.com/_sh/21/2161.webp
2162;98;« FUNKO POP! »;Funko Pop!;Avatar The Last Airbender - Appa with Amor #1443;1895.00;;;06  2025 1:32 PM;0;0;1338;https://www.powergamesenlinea.com/shop/2162/desc/avatar-the-last-airbender-appa-with-amor-1443;https://www.powergamesenlinea.com/_sh/21/2162.webp
2163;98;« FUNKO POP! »;Funko Pop!;"&#8205; Funko Pop! Toy Story 30th - Alien with Claw - 1595";1295.00;;;06  2025 2:03 PM;0;0;1664;https://www.powergamesenlinea.com/shop/2163/desc/toy-story-30th-alien-with-claw-1595;https://www.powergamesenlinea.com/_sh/21/2163.webp
2164;98;« FUNKO POP! »;Funko Pop!;Funko Pop Chainsaw Man Denji With Pochita - 1971;1295.00;;;06  2025 2:13 PM;0;0;1550;https://www.powergamesenlinea.com/shop/2164/desc/denji-with-pochita-1971;https://www.powergamesenlinea.com/_sh/21/2164.webp
2167;98;« FUNKO POP! »;Funko Pop!;Marvel - Peter Parker / Spider-Man #1432;995.00;;;06  2025 5:43 PM;0;0;1089;https://www.powergamesenlinea.com/shop/2167/desc/marvel-peter-parker-spider-man-1432;https://www.powergamesenlinea.com/_sh/21/2167.webp
2168;98;« FUNKO POP! »;Funko Pop!;Spider-Man No Way Home Finale Suit #1160;1195.00;;;06  2025 5:45 PM;0;0;855;https://www.powergamesenlinea.com/shop/2168/desc/spider-man-no-way-home-finale-suit-1160;https://www.powergamesenlinea.com/_sh/21/2168.webp
2169;98;« FUNKO POP! »;Funko Pop!;Spider Man Miles Morales #770;1295.00;;;06  2025 5:54 PM;0;0;862;https://www.powergamesenlinea.com/shop/2169/desc/spider-man-miles-morales-770;https://www.powergamesenlinea.com/_sh/21/2169.webp
2171;98;« FUNKO POP! »;Funko Pop!;Spider-Man 2 - Black Suit Harry Osborn # 1027;1095.00;;;06  2025 6:19 PM;0;0;810;https://www.powergamesenlinea.com/shop/2171/desc/spider-man-2-black-suit-harry-osborn-1027;https://www.powergamesenlinea.com/_sh/21/2171.webp
2172;98;« FUNKO POP! »;Funko Pop!;Spider-Man 2 - Scream #1026;995.00;;;07  2025 6:41 PM;0;0;899;https://www.powergamesenlinea.com/shop/2172/desc/spider-man-2-scream-1026;https://www.powergamesenlinea.com/_sh/21/2172.webp
2179;235;« COOL STUFF »;Funko Pop!;T-shirt Spider-Man Miles Morales;1995.00;;;07  2025 7:22 PM;0;0;1188;https://www.powergamesenlinea.com/shop/2179/desc/t-shirt-spider-man-miles-morales;https://www.powergamesenlinea.com/_sh/21/2179.webp
2180;160;Controles PlayStation 5;Sony;Control DualSense PS5 - Chroma Teal;3950.00;;;14  2025 10:29 AM;5;0;2614;https://www.powergamesenlinea.com/shop/2180/desc/control-dualsense-ps5-chroma-teal;https://www.powergamesenlinea.com/_sh/21/2180.webp
2181;160;Controles PlayStation 5;Sony;Control DualSense PS5 - Chroma Pearl;3950.00;;;14  2025 10:32 AM;4;0;2658;https://www.powergamesenlinea.com/shop/2181/desc/control-dualsense-ps5-chroma-pearl;https://www.powergamesenlinea.com/_sh/21/2181.webp
2183;45;Juegos de PS4;2k;WWE 2K25 - Ps4;4300.00;;;20  2025 1:00 PM;0;0;939;https://www.powergamesenlinea.com/shop/2183/desc/wwe-2k25-ps4;https://www.powergamesenlinea.com/_sh/21/2183.webp
2184;154;Juegos de PS5;2k;WWE 2K25 - Ps 5;4300.00;;;20  2025 1:01 PM;0;0;1044;https://www.powergamesenlinea.com/shop/2184/desc/wwe-2k25-ps-5;https://www.powergamesenlinea.com/_sh/21/2184.webp
2185;154;Juegos de PS5;Sony;MLB The Show 25 – PS5;3895.00;;;20  2025 1:15 PM;5;0;1355;https://www.powergamesenlinea.com/shop/2185/desc/mlb-the-show-25-ps5;https://www.powergamesenlinea.com/_sh/21/2185.webp
2186;65;Juegos de Nintendo Switch;;MLB The Show 25 - Nintendo Switch;3900.00;;;20  2025 1:18 PM;0;0;1919;https://www.powergamesenlinea.com/shop/2186/desc/mlb-the-show-25-nintendo-switch;https://www.powergamesenlinea.com/_sh/21/2186.webp
2187;154;Juegos de PS5;;Split Fiction - PS5;3795.00;;;20  2025 1:21 PM;0;0;1040;https://www.powergamesenlinea.com/shop/2187/desc/split-fiction-ps5;https://www.powergamesenlinea.com/_sh/21/2187.webp
2202;245;« JBL »;JBL Harman;"&#8205; JBL Quantum 100 M2 - Black";3195.00;;;23  2025 12:45 PM;3.5;0;2794;https://www.powergamesenlinea.com/shop/2202/desc/jbl-quantum-100-black;https://www.powergamesenlinea.com/_sh/22/2202.webp
2204;234;« RAZER »;Razer;Razer DeathAdder Essential - Ergonomic Wired Gaming Mouse;1995.00;;;05  2025 4:30 PM;0;0;1324;https://www.powergamesenlinea.com/shop/2204/desc/razer-wired-gaming-mouse;https://www.powergamesenlinea.com/_sh/22/2204.webp
2205;234;« RAZER »;Razer;Razer Cobra Pro Wireless Mouse;8995.00;;;23  2025 6:53 PM;0;0;1028;https://www.powergamesenlinea.com/shop/2205/desc/razer-cobra-pro-wireless-mouse;https://www.powergamesenlinea.com/_sh/22/2205.webp
2206;234;« RAZER »;Razer;Razer Barracuda - Wireless Gaming Headset;7195.00;Razer Barracuda;;23  2025 7:05 PM;0;0;852;https://www.powergamesenlinea.com/shop/2206/desc/razer-barracuda-wireless-gaming-headset;https://www.powergamesenlinea.com/_sh/22/2206.webp
2207;157;« STEEL-SERIES »;SteelSeries;Apex 3 Wired Gaming Keyboard;7395.00;;;23  2025 8:03 PM;3;0;1090;https://www.powergamesenlinea.com/shop/2207/desc/apex-3-wired-gaming-keyboard;https://www.powergamesenlinea.com/_sh/22/2207.webp
2208;98;« FUNKO POP! »;Funko Pop!;Lilo & Stitch - Stitch & Angel 2PK (Keychain);895.00;;;23  2025 8:08 PM;0;0;677;https://www.powergamesenlinea.com/shop/2208/desc/lilo-stitch-stitch-angel-2pk-keychain;https://www.powergamesenlinea.com/_sh/22/2208.webp
2209;98;« FUNKO POP! »;Funko Pop!;Lilo & Stitch - Luau Angel #1568;1095.00;;;23  2025 8:11 PM;0;0;674;https://www.powergamesenlinea.com/shop/2209/desc/lilo-stitch-luau-angel-1568;https://www.powergamesenlinea.com/_sh/22/2209.webp
2210;98;« FUNKO POP! »;Funko Pop!;Lilo & Stitch - Luau Stitch #1567;1095.00;;;23  2025 8:13 PM;0;0;787;https://www.powergamesenlinea.com/shop/2210/desc/lilo-stitch-luau-stitch-1567;https://www.powergamesenlinea.com/_sh/22/2210.webp
2211;98;« FUNKO POP! »;Funko Pop!;Lilo & Stitch - Stitch with Tube #1565;1095.00;;;23  2025 8:16 PM;0;0;846;https://www.powergamesenlinea.com/shop/2211/desc/lilo-stitch-stitch-with-tube-1565;https://www.powergamesenlinea.com/_sh/22/2211.webp
2212;98;« FUNKO POP! »;Funko Pop!;Lilo & Stitch - Easter Stitch #1533;995.00;;;23  2025 8:22 PM;0;0;891;https://www.powergamesenlinea.com/shop/2212/desc/lilo-stitch-easter-stitch-1533;https://www.powergamesenlinea.com/_sh/22/2212.webp
2213;98;« FUNKO POP! »;Funko Pop!;One Piece - Roronoa Zoro #1775;1195.00;;;23  2025 8:29 PM;0;0;1067;https://www.powergamesenlinea.com/shop/2213/desc/one-piece-roronoa-zoro-1775;https://www.powergamesenlinea.com/_sh/22/2213.webp
2214;98;« FUNKO POP! »;Funko Pop!;One Piece - Roronoa Zoro (Limited Chase Edition) #1775;2895.00;;;23  2025 8:35 PM;0;0;1079;https://www.powergamesenlinea.com/shop/2214/desc/one-piece-roronoa-zoro-limited-chase-edition-1775;https://www.powergamesenlinea.com/_sh/22/2214.webp
2215;98;« FUNKO POP! »;Funko Pop!;One Piece - Monkey D. Luffy #1771;1095.00;;;23  2025 8:44 PM;0;0;985;https://www.powergamesenlinea.com/shop/2215/desc/one-piece-monkey-d-luffy-1771;https://www.powergamesenlinea.com/_sh/22/2215.webp
2216;98;« FUNKO POP! »;Funko Pop!;One Piece - Luffy Gear Five #1607;1095.00;;;23  2025 8:46 PM;5;0;896;https://www.powergamesenlinea.com/shop/2216/desc/one-piece-luffy-gear-five-1607;https://www.powergamesenlinea.com/_sh/22/2216.webp
2217;98;« FUNKO POP! »;Funko Pop!;One Piece - Bepo Bear #1896 - AAA Anime Exclusive, Flocked;1995.00;;;23  2025 8:49 PM;0;0;950;https://www.powergamesenlinea.com/shop/2217/desc/one-piece-bepo-bear-1896-aaa-anime-exclusive-flocked;https://www.powergamesenlinea.com/_sh/22/2217.webp
2218;98;« FUNKO POP! »;Funko Pop!;One Piece - Trafalgar Law (Anesthesia) #1894;1095.00;;;23  2025 8:53 PM;0;0;1133;https://www.powergamesenlinea.com/shop/2218/desc/one-piece-trafalgar-law-anesthesia-1894;https://www.powergamesenlinea.com/_sh/22/2218.webp
2219;98;« FUNKO POP! »;Funko Pop!;One Piece - Usopp #1774;995.00;;;23  2025 8:57 PM;0;0;904;https://www.powergamesenlinea.com/shop/2219/desc/one-piece-usopp-1774;https://www.powergamesenlinea.com/_sh/22/2219.webp
2220;98;« FUNKO POP! »;Funko Pop!;One Piece - Usohachi #1474;895.00;;;23  2025 9:01 PM;0;0;1188;https://www.powergamesenlinea.com/shop/2220/desc/one-piece-usohachi-1474;https://www.powergamesenlinea.com/_sh/22/2220.webp
2221;154;Juegos de PS5;Codemasters;EA Sports F1 25 - PS5;4395.00;;;01  2025 1:05 PM;0;0;1386;https://www.powergamesenlinea.com/shop/2221/desc/f1-2025-ps5;https://www.powergamesenlinea.com/_sh/22/2221.webp
2222;154;Juegos de PS5;Bandai Namco;Elden Ring NIGHTREIGN - PS5;3395.00;;;01  2025 1:11 PM;0;0;1620;https://www.powergamesenlinea.com/shop/2222/desc/elden-ring-nightreign-ps5;https://www.powergamesenlinea.com/_sh/22/2222.webp
2224;154;Juegos de PS5;CAPCOM;Street Fighter 6: Years 1-2 l Fighters Edition;3895.00;;;17  2025 10:44 AM;0;0;1019;https://www.powergamesenlinea.com/shop/2224/desc/street-fighter-6-years-1-2-l-fighters-edition;https://www.powergamesenlinea.com/_sh/22/2224.webp
2225;154;Juegos de PS5;Square-Enix;Final Fantasy XVI;3095.00;;;17  2025 10:52 AM;0;0;904;https://www.powergamesenlinea.com/shop/2225/desc/final-fantasy-xvi;https://www.powergamesenlinea.com/_sh/22/2225.webp
2226;154;Juegos de PS5;;Helldivers 2;2595.00;;;17  2025 11:01 AM;0;0;996;https://www.powergamesenlinea.com/shop/2226/desc/helldivers-2;https://www.powergamesenlinea.com/_sh/22/2226.webp
2227;154;Juegos de PS5;nacon;WRC 10;2595.00;;;17  2025 11:17 AM;1;0;863;https://www.powergamesenlinea.com/shop/2227/desc/wrc-10;https://www.powergamesenlinea.com/_sh/22/2227.webp
2229;45;Juegos de PS4;CAPCOM;Marvel vs. Capcom Fighting Collection: Arcade Classics;3450.00;;;17  2025 11:23 AM;0;0;724;https://www.powergamesenlinea.com/shop/2229/desc/marvel-vs-capcom-fighting-collection-arcade-classics;https://www.powergamesenlinea.com/_sh/22/2229.webp
2231;65;Juegos de Nintendo Switch;CAPCOM;Capcom Fighting Collection 2;2750.00;;;17  2025 11:47 AM;0;0;1458;https://www.powergamesenlinea.com/shop/2231/desc/capcom-fighting-collection-2;https://www.powergamesenlinea.com/_sh/22/2231.webp
2234;224;« CARTAS POKEMON »;The Pok?mon Company;Pokemon TCG Prismatic Evolutions Mini Tin Espa?ol;1795.00;Precio por unidad;;17  2025 12:06 PM;5;0;1511;https://www.powergamesenlinea.com/shop/2234/desc/pokemon-tcg-prismatic-evolutions-mini-tin-espanol;https://www.powergamesenlinea.com/_sh/22/2234.webp
2235;224;« CARTAS POKEMON »;The Pok?mon Company;Pok?mon TCG: Scarlet & Violet-Prismatic Evolutions Booster Bundle;5295.00;;;17  2025 12:09 PM;5;0;1621;https://www.powergamesenlinea.com/shop/2235/desc/pokemon-tcg-scarlet-violet-prismatic-evolutions-booster-bundle;https://www.powergamesenlinea.com/_sh/22/2235.webp
2239;224;« CARTAS POKEMON »;The Pok?mon Company;Ionos Bellibolt ex Premium Collection;4195.00;;;17  2025 12:19 PM;0;0;1747;https://www.powergamesenlinea.com/shop/2239/desc/ionos-bellibolt-ex-premium-collection;https://www.powergamesenlinea.com/_sh/22/2239.webp
2240;154;Juegos de PS5;PlayStation Studio;Death Stranding 2: On The Beach - PS5;4495.00;;;26  2025 2:23 PM;0;0;1204;https://www.powergamesenlinea.com/shop/2240/desc/death-stranding-2-on-the-beach-ps5;https://www.powergamesenlinea.com/_sh/22/2240.webp
2241;240;Nintendo Switch 2;AMFILM;TEMPLE GLASS NINTENDO SWITCH 2;595.00;;;14  2025 12:24 PM;0;0;1104;https://www.powergamesenlinea.com/shop/2241/desc/temple-glass-nintendo-switch-2;https://www.powergamesenlinea.com/_sh/22/2241.webp
2242;242;Accesorios Switch 2;HORI;Piranha Plant Camera - NS2;3495.00;;;14  2025 12:39 PM;0;0;1098;https://www.powergamesenlinea.com/shop/2242/desc/piranha-plant-camara-nintendo-switch-2;https://www.powergamesenlinea.com/_sh/22/2242.webp
2243;242;Accesorios Switch 2;HORI;Case Travel Switch 2 Compact Carry All;4595.00;;;14  2025 12:47 PM;0;0;2454;https://www.powergamesenlinea.com/shop/2243/desc/case-travel-switch-2-compact-carry-all;https://www.powergamesenlinea.com/_sh/22/2243.webp
2244;240;Nintendo Switch 2;Nintendo;Case Black Deluxe - NS2;2395.00;;;14  2025 12:56 PM;0;0;2909;https://www.powergamesenlinea.com/shop/2244/desc/case-black-deluxe-ns2;https://www.powergamesenlinea.com/_sh/22/2244.webp
2245;240;Nintendo Switch 2;NINTENDO;TRAVELER CASE MARIO KART NS2;2195.00;;;14  2025 1:03 PM;0;0;1294;https://www.powergamesenlinea.com/shop/2245/desc/traveler-case-mario-kart-ns2;https://www.powergamesenlinea.com/_sh/22/2245.webp
2246;240;Nintendo Switch 2;;TRAVELER CASE NS2- NS230;2895.00;663293113514;;14  2025 1:06 PM;0;0;1093;https://www.powergamesenlinea.com/shop/2246/desc/traveler-case-ns2-ns230;https://www.powergamesenlinea.com/_sh/22/2246.webp
2247;242;Accesorios Switch 2;DOBE Fomis Electronics;Joy Con Wheel - NS2;1095.00;;;14  2025 1:25 PM;0;0;1406;https://www.powergamesenlinea.com/shop/2247/desc/joy-con-wheel-ns2-dobe;https://www.powergamesenlinea.com/_sh/22/2247.webp
2248;242;Accesorios Switch 2;DOBE Fomis Electronics;Joy Con 2 Grips (2 PACK) - NS2;1095.00;;;14  2025 1:27 PM;0;0;1246;https://www.powergamesenlinea.com/shop/2248/desc/joy-con-2-grips-2-pack-ns2-dobe;https://www.powergamesenlinea.com/_sh/22/2248.webp
2249;242;Accesorios Switch 2;DOBE Fomis Electronics;Console Grip - NS2;1195.00;;;14  2025 1:55 PM;0;0;1539;https://www.powergamesenlinea.com/shop/2249/desc/console-grip-ns2-dobe;https://www.powergamesenlinea.com/_sh/22/2249.webp
2250;240;Nintendo Switch 2;DOBE FOMIS ELECTRONICS;STORAGE BAG WITH CARTRIDGE NS2;2195.00;;;14  2025 2:00 PM;0;0;931;https://www.powergamesenlinea.com/shop/2250/desc/storage-bag-with-cartridge-ns2;https://www.powergamesenlinea.com/_sh/22/2250.webp
2251;242;Accesorios Switch 2;DOBE Fomis Electronics;Joy Con 2 Controller Charge Grip - NS2;1595.00;;;14  2025 2:05 PM;0;0;1581;https://www.powergamesenlinea.com/shop/2251/desc/joy-con-2-controller-charge-grip-ns2;https://www.powergamesenlinea.com/_sh/22/2251.webp
2252;242;Accesorios Switch 2;DOBE Fomis Electronics;4 Port Charging Dock Stand For Joycon - NS2;1895.00;;;14  2025 2:09 PM;0;0;3510;https://www.powergamesenlinea.com/shop/2252/desc/4-port-charging-dock-stand-for-joycon-ns2;https://www.powergamesenlinea.com/_sh/22/2252.webp
2253;242;Accesorios Switch 2;DOBE Fomis Electronics;Slim Storage Bag - NS2;1295.00;;;14  2025 2:11 PM;0;0;1149;https://www.powergamesenlinea.com/shop/2253/desc/slim-storage-bag-ns2-dobe;https://www.powergamesenlinea.com/_sh/22/2253.webp
2254;242;Accesorios Switch 2;DOBE Fomis Electronics;4 Port Flat Charge Dock - NS2;1495.00;;;14  2025 2:16 PM;0;0;2943;https://www.powergamesenlinea.com/shop/2254/desc/4-port-flat-charge-dock-ns2;https://www.powergamesenlinea.com/_sh/22/2254.webp
2255;241;Juegos Nintendo Switch 2;Hazelight Studios / Electronic Arts;Split Fiction - NS2;4095.00;;;14  2025 2:18 PM;0;0;1203;https://www.powergamesenlinea.com/shop/2255/desc/split-fiction-ns2;https://www.powergamesenlinea.com/_sh/22/2255.webp
2256;65;Juegos de Nintendo Switch;Guerrilla Games / Studio Gobo;LEGO Horizon Adventures - NS;2995.00;;;14  2025 2:24 PM;0;0;1162;https://www.powergamesenlinea.com/shop/2256/desc/lego-horizon-adventures-ns;https://www.powergamesenlinea.com/_sh/22/2256.webp
2257;241;Juegos Nintendo Switch 2;IO Interactive;Hitman: World of Assassination Signature Edition;4095.00;;;14  2025 2:26 PM;0;0;1482;https://www.powergamesenlinea.com/shop/2257/desc/hitman-world-of-assa-ns2;https://www.powergamesenlinea.com/_sh/22/2257.webp
2258;241;Juegos Nintendo Switch 2;Warner Bros. Games;Hogwarts Legacy NS2;3695.00;;;14  2025 2:28 PM;0;0;1636;https://www.powergamesenlinea.com/shop/2258/desc/hogwarts-legacy-ns2;https://www.powergamesenlinea.com/_sh/22/2258.webp
2259;241;Juegos Nintendo Switch 2;FirAxis / 2k;Sid Meier's Civilization® VII - NS2;4095.00;;;14  2025 2:29 PM;0;0;1307;https://www.powergamesenlinea.com/shop/2259/desc/sid-meier-s-civilization-vii-ns2;https://www.powergamesenlinea.com/_sh/22/2259.webp
2260;241;Juegos Nintendo Switch 2;CD Projekt RED;Cyberpunk 2077 - NS2;4295.00;;;14  2025 2:30 PM;0;0;2107;https://www.powergamesenlinea.com/shop/2260/desc/cyberpunk-2077-ns2;https://www.powergamesenlinea.com/_sh/22/2260.webp
2262;98;« FUNKO POP! »;Funko Pop!;One Piece - Eustass Kid #1932;1195.00;;;11  2025 9:29 AM;0;0;621;https://www.powergamesenlinea.com/shop/2262/desc/one-piece-eustass-kid-1932;https://www.powergamesenlinea.com/_sh/22/2262.webp
2263;98;« FUNKO POP! »;Funko Pop!;One Piece - Sanji #1773;995.00;;;11  2025 9:32 AM;0;0;517;https://www.powergamesenlinea.com/shop/2263/desc/one-piece-sanji-1773;https://www.powergamesenlinea.com/_sh/22/2263.webp
2264;98;« FUNKO POP! »;Funko Pop!;One Piece - Nami Crying #1772;995.00;;;11  2025 9:35 AM;0;0;472;https://www.powergamesenlinea.com/shop/2264/desc/one-piece-nami-crying-1772;https://www.powergamesenlinea.com/_sh/22/2264.webp
2265;98;« FUNKO POP! »;Funko Pop!;One Piece - King #1893;1350.00;;;11  2025 10:30 AM;0;0;531;https://www.powergamesenlinea.com/shop/2265/desc/one-piece-king-1893;https://www.powergamesenlinea.com/_sh/22/2265.webp
2266;98;« FUNKO POP! »;Funko Pop!;One Piece - Carrot #1588;895.00;;;11  2025 10:33 AM;0;0;492;https://www.powergamesenlinea.com/shop/2266/desc/one-piece-carrot-1588;https://www.powergamesenlinea.com/_sh/22/2266.webp
2267;98;« FUNKO POP! »;Funko Pop!;One Piece - Tony Chopper #99;1195.00;Mapache;;11  2025 10:37 AM;0;0;518;https://www.powergamesenlinea.com/shop/2267/desc/one-piece-tony-chopper-99;https://www.powergamesenlinea.com/_sh/22/2267.webp
2268;98;« FUNKO POP! »;Funko Pop!;One Piece - Franosuke #1476 (6 inch);1895.00;;;11  2025 10:51 AM;0;0;635;https://www.powergamesenlinea.com/shop/2268/desc/one-piece-franosuke-1476-6-inch;https://www.powergamesenlinea.com/_sh/22/2268.webp
2269;98;« FUNKO POP! »;Funko Pop!;Pokemon - Fuecoco #1030;995.00;;;11  2025 11:00 AM;0;0;828;https://www.powergamesenlinea.com/shop/2269/desc/pokemon-fuecoco-1030;https://www.powergamesenlinea.com/_sh/22/2269.webp
2270;98;« FUNKO POP! »;Funko Pop!;Pokemon - Chimchar #963;995.00;;;11  2025 11:04 AM;0;0;670;https://www.powergamesenlinea.com/shop/2270/desc/pokemon-chimchar-963;https://www.powergamesenlinea.com/_sh/22/2270.webp
2271;98;« FUNKO POP! »;Funko Pop!;Pok?mon - Zorua #1032;995.00;;;11  2025 11:05 AM;0;0;645;https://www.powergamesenlinea.com/shop/2271/desc/pokemon-zorua-1032;https://www.powergamesenlinea.com/_sh/22/2271.webp
2272;98;« FUNKO POP! »;Funko Pop!;Pokemon - Scorbunny #922;995.00;;;11  2025 11:08 AM;0;0;620;https://www.powergamesenlinea.com/shop/2272/desc/pokemon-scorbunny-922;https://www.powergamesenlinea.com/_sh/22/2272.webp
2273;98;« FUNKO POP! »;Funko Pop!;Pokemon - Snubbull #964;895.00;;;11  2025 11:13 AM;0;0;719;https://www.powergamesenlinea.com/shop/2273/desc/pokemon-snubbull-964;https://www.powergamesenlinea.com/_sh/22/2273.webp
2274;98;« FUNKO POP! »;Funko Pop!;Pokemon - Gardevoir #1052;1095.00;;;11  2025 11:15 AM;0;0;517;https://www.powergamesenlinea.com/shop/2274/desc/pokemon-gardevoir-1052;https://www.powergamesenlinea.com/_sh/22/2274.webp
2275;98;« FUNKO POP! »;Funko Pop!;Pokemon - Piplup #865;1195.00;;;11  2025 11:17 AM;0;0;618;https://www.powergamesenlinea.com/shop/2275/desc/pokemon-piplup-865;https://www.powergamesenlinea.com/_sh/22/2275.webp
2276;98;« FUNKO POP! »;Funko Pop!;Pokemon - Gengar #1031;1195.00;;;11  2025 11:18 AM;0;0;652;https://www.powergamesenlinea.com/shop/2276/desc/pokemon-gengar-1031;https://www.powergamesenlinea.com/_sh/22/2276.webp
2277;98;« FUNKO POP! »;Funko Pop!;Pokemon - Mewtwo #581;1295.00;;;11  2025 11:20 AM;0;0;562;https://www.powergamesenlinea.com/shop/2277/desc/pokemon-mewtwo-581;https://www.powergamesenlinea.com/_sh/22/2277.webp
2278;98;« FUNKO POP! »;Funko Pop!;Pokemon - Quaxly #1012;995.00;;;11  2025 11:22 AM;0;0;558;https://www.powergamesenlinea.com/shop/2278/desc/pokemon-quaxly-1012;https://www.powergamesenlinea.com/_sh/22/2278.webp
2279;98;« FUNKO POP! »;Funko Pop!;Pokemon - Arcanine #920;995.00;;;11  2025 11:24 AM;0;0;589;https://www.powergamesenlinea.com/shop/2279/desc/pokemon-arcanine-920;https://www.powergamesenlinea.com/_sh/22/2279.webp
2280;98;« FUNKO POP! »;Funko Pop!;Pokemon - Dratini #1050;1095.00;;;11  2025 11:26 AM;0;0;555;https://www.powergamesenlinea.com/shop/2280/desc/pokemon-dratini-1050;https://www.powergamesenlinea.com/_sh/22/2280.webp
2281;98;« FUNKO POP! »;Funko Pop!;Pokemon - Bulbasaur #453;1095.00;;;11  2025 11:31 AM;0;0;693;https://www.powergamesenlinea.com/shop/2281/desc/pokemon-bulbasaur-453;https://www.powergamesenlinea.com/_sh/22/2281.webp
2282;98;« FUNKO POP! »;Funko Pop!;Pokemon - Charizard #843;1095.00;;;11  2025 11:32 AM;0;0;703;https://www.powergamesenlinea.com/shop/2282/desc/pokemon-charizard-843;https://www.powergamesenlinea.com/_sh/22/2282.webp
2283;98;« FUNKO POP! »;Funko Pop!;Pokemon - Teddiursa #985;995.00;;;11  2025 11:34 AM;0;0;613;https://www.powergamesenlinea.com/shop/2283/desc/pokemon-teddiursa-985;https://www.powergamesenlinea.com/_sh/22/2283.webp
2284;98;« FUNKO POP! »;Funko Pop!;Pokemon - Glaceon #921;995.00;;;11  2025 11:35 AM;0;0;543;https://www.powergamesenlinea.com/shop/2284/desc/pokemon-glaceon-921;https://www.powergamesenlinea.com/_sh/22/2284.webp
2285;98;« FUNKO POP! »;Funko Pop!;Pokemon - Mr. Mime #582;995.00;;;11  2025 11:37 AM;0;0;777;https://www.powergamesenlinea.com/shop/2285/desc/pokemon-mr-mime-582;https://www.powergamesenlinea.com/_sh/22/2285.webp
2286;98;« FUNKO POP! »;Funko Pop!;Pokemon - Sprigatito #984;995.00;;;11  2025 11:38 AM;0;0;780;https://www.powergamesenlinea.com/shop/2286/desc/pokemon-sprigatito-984;https://www.powergamesenlinea.com/_sh/22/2286.webp
2287;98;« FUNKO POP! »;Funko Pop!;Pokemon - Squirtle #504;995.00;;;11  2025 11:39 AM;0;0;748;https://www.powergamesenlinea.com/shop/2287/desc/pokemon-squirtle-504;https://www.powergamesenlinea.com/_sh/22/2287.webp
2288;98;« FUNKO POP! »;Funko Pop!;Pokemon - Lapras #864;1195.00;;;11  2025 11:41 AM;0;0;597;https://www.powergamesenlinea.com/shop/2288/desc/pokemon-lapras-864;https://www.powergamesenlinea.com/_sh/22/2288.webp
2289;98;« FUNKO POP! »;Funko Pop!;Pokemon - Raichu Alolan #1011;995.00;;;11  2025 11:43 AM;0;0;758;https://www.powergamesenlinea.com/shop/2289/desc/pokemon-raichu-alolan-1011;https://www.powergamesenlinea.com/_sh/22/2289.webp
2290;98;« FUNKO POP! »;Funko Pop!;Pokemon - Dragonite #850;1095.00;;;11  2025 11:44 AM;0;0;627;https://www.powergamesenlinea.com/shop/2290/desc/pokemon-dragonite-850;https://www.powergamesenlinea.com/_sh/22/2290.webp
2291;98;« FUNKO POP! »;Funko Pop!;Pokemon - Leafeon #866;1195.00;;;11  2025 11:46 AM;0;0;629;https://www.powergamesenlinea.com/shop/2291/desc/pokemon-leafeon-866;https://www.powergamesenlinea.com/_sh/22/2291.webp
2292;98;« FUNKO POP! »;Funko Pop!;Pokemon - Espeon #884;1195.00;;;11  2025 11:51 AM;0;0;583;https://www.powergamesenlinea.com/shop/2292/desc/pokemon-espeon-884;https://www.powergamesenlinea.com/_sh/22/2292.webp
2293;98;« FUNKO POP! »;Funko Pop!;Pokemon - Eevee #626;1195.00;;;11  2025 11:54 AM;0;0;609;https://www.powergamesenlinea.com/shop/2293/desc/pokemon-eevee-626;https://www.powergamesenlinea.com/_sh/22/2293.webp
2294;98;« FUNKO POP! »;Funko Pop!;Pokemon - Caterpie #848;800.00;;;11  2025 12:13 PM;0;0;464;https://www.powergamesenlinea.com/shop/2294/desc/pokemon-caterpie-848;https://www.powergamesenlinea.com/_sh/22/2294.webp
2295;98;« FUNKO POP! »;Funko Pop!;Pokemon - Pikachu #842;1095.00;;;11  2025 12:20 PM;0;0;506;https://www.powergamesenlinea.com/shop/2295/desc/pokemon-pikachu-842;https://www.powergamesenlinea.com/_sh/22/2295.webp
2296;98;« FUNKO POP! »;Funko Pop!;Pokemon - Meowth #780;895.00;;;11  2025 12:22 PM;0;0;493;https://www.powergamesenlinea.com/shop/2296/desc/pokemon-meowth-780;https://www.powergamesenlinea.com/_sh/22/2296.webp
2298;98;« FUNKO POP! »;Funko Pop!;Pokemon - Pikachu #01 (18 pulgadas);9695.00;;;11  2025 12:28 PM;0;0;523;https://www.powergamesenlinea.com/shop/2298/desc/pokemon-pikachu-01-18-pulgadas;https://www.powergamesenlinea.com/_sh/22/2298.webp
2299;98;« FUNKO POP! »;Funko Pop!;Marvel Friendly Neighborhood - Spider-Man #1526;1195.00;;;11  2025 12:39 PM;0;0;501;https://www.powergamesenlinea.com/shop/2299/desc/marvel-friendly-neighborhood-spider-man-1526;https://www.powergamesenlinea.com/_sh/22/2299.webp
2300;98;« FUNKO POP! »;Funko Pop!;Marvel 80th - First Appearance Spider-Man #593;1095.00;;;11  2025 12:43 PM;0;0;547;https://www.powergamesenlinea.com/shop/2300/desc/marvel-80th-first-appearance-spider-man-593;https://www.powergamesenlinea.com/_sh/23/2300.webp
2301;98;« FUNKO POP! »;Funko Pop!;Marvel Friendly Neighborhood Spider-Man - Peter Parker Proto Suit #1527;1195.00;;;11  2025 12:45 PM;0;0;511;https://www.powergamesenlinea.com/shop/2301/desc/marvel-friendly-neighborhood-spider-man-peter-parker-proto-suit-1527;https://www.powergamesenlinea.com/_sh/23/2301.webp
2302;98;« FUNKO POP! »;Funko Pop!;Marvel What If - Zombie Hunter Spidey #945;1195.00;;;11  2025 12:47 PM;0;0;534;https://www.powergamesenlinea.com/shop/2302/desc/marvel-what-if-zombie-hunter-spidey-945;https://www.powergamesenlinea.com/_sh/23/2302.webp
2303;98;« FUNKO POP! »;Funko Pop!;One Piece - Monkey D. Luffy #1945 (10inch);3595.00;;;11  2025 12:50 PM;0;0;578;https://www.powergamesenlinea.com/shop/2303/desc/one-piece-monkey-d-luffy-1945;https://www.powergamesenlinea.com/_sh/23/2303.webp
2304;98;« FUNKO POP! »;Funko Pop!;Marvel - Doctor Strange In The Multiverse of Madness - America Chavez #1002;500.00;;;11  2025 12:59 PM;0;0;505;https://www.powergamesenlinea.com/shop/2304/desc/marvel-doctor-strange-in-the-multiverse-of-madness-america-chavez-1002;https://www.powergamesenlinea.com/_sh/23/2304.webp
2305;98;« FUNKO POP! »;Funko Pop!;Marvel - Doctor Strange In The Multiverse of Madness -Master Mordo #1003;500.00;;;11  2025 1:04 PM;1;0;494;https://www.powergamesenlinea.com/shop/2305/desc/marvel-doctor-strange-in-the-multiverse-of-madness-master-mordo-1003;https://www.powergamesenlinea.com/_sh/23/2305.webp
2306;98;« FUNKO POP! »;Funko Pop!;Marvel Doctor Strange In The Multiverse of Madness - Dr Strange #1000 (Limited Chase);1995.00;;;11  2025 1:07 PM;1;0;530;https://www.powergamesenlinea.com/shop/2306/desc/marvel-doctor-strange-in-the-multiverse-of-madness-dr-strange-1000-limited-chase;https://www.powergamesenlinea.com/_sh/23/2306.webp
2307;98;« FUNKO POP! »;Funko Pop!;Marvel Friendly Neigherhood Spider-Man - Doctor Strange #1532;1195.00;;;11  2025 1:09 PM;0;0;533;https://www.powergamesenlinea.com/shop/2307/desc/marvel-friendly-neigherhood-spider-man-doctor-strange-1532;https://www.powergamesenlinea.com/_sh/23/2307.webp
2308;98;« FUNKO POP! »;Funko Pop!;Marvel She Hulk - Wong #1131;500.00;;;11  2025 1:28 PM;0;0;586;https://www.powergamesenlinea.com/shop/2308/desc/marvel-she-hulk-wong-1131;https://www.powergamesenlinea.com/_sh/23/2308.webp
2309;98;« FUNKO POP! »;Funko Pop!;Marvel She-Hulk Gala #1127;500.00;;;11  2025 1:31 PM;0;0;574;https://www.powergamesenlinea.com/shop/2309/desc/marvel-she-hulk-gala-1127;https://www.powergamesenlinea.com/_sh/23/2309.webp
2310;98;« FUNKO POP! »;Funko Pop!;Marvel - She-Hulk - Jennifer #1123;500.00;;;11  2025 1:33 PM;0;0;635;https://www.powergamesenlinea.com/shop/2310/desc/marvel-she-hulk-jennifer-1123;https://www.powergamesenlinea.com/_sh/23/2310.webp
2311;98;« FUNKO POP! »;Funko Pop!;Ed, Edd n Eddy - Ed #1897;1195.00;;;11  2025 1:37 PM;0;0;475;https://www.powergamesenlinea.com/shop/2311/desc/ed-edd-n-eddy-ed-187;https://www.powergamesenlinea.com/_sh/23/2311.webp
2312;98;« FUNKO POP! »;Funko Pop!;Ed, Edd n Eddy - Ed #1897 (Limited Chase);1700.00;;;11  2025 1:40 PM;0;0;441;https://www.powergamesenlinea.com/shop/2312/desc/ed-edd-n-eddy-ed-1897-limited-chase;https://www.powergamesenlinea.com/_sh/23/2312.webp
2313;98;« FUNKO POP! »;Funko Pop!;Ed, Edd n Eddy - Edd Double D #1898;1195.00;;;11  2025 1:43 PM;0;0;648;https://www.powergamesenlinea.com/shop/2313/desc/ed-edd-n-eddy-edd-double-d-1898;https://www.powergamesenlinea.com/_sh/23/2313.webp
2314;98;« FUNKO POP! »;Funko Pop!;Ed, Edd n Eddy - Eddy #1899;1195.00;;;11  2025 1:45 PM;0;0;495;https://www.powergamesenlinea.com/shop/2314/desc/ed-edd-n-eddy-eddy-1899;https://www.powergamesenlinea.com/_sh/23/2314.webp
2315;98;« FUNKO POP! »;Funko Pop!;Five Nights At Freddy's - Withered Freddy #1086;1195.00;;;11  2025 1:47 PM;0;0;521;https://www.powergamesenlinea.com/shop/2315/desc/five-nights-at-freddy-s-withered-freddy-1086;https://www.powergamesenlinea.com/_sh/23/2315.webp
2316;98;« FUNKO POP! »;Funko Pop!;My Hero Academia - Hitoshi Shinso #1353;895.00;;;11  2025 1:51 PM;0;0;417;https://www.powergamesenlinea.com/shop/2316/desc/my-hero-academia-hitoshi-shinso-1353;https://www.powergamesenlinea.com/_sh/23/2316.webp
2317;98;« FUNKO POP! »;Funko Pop!;My Hero Academia - Hitoshi Shinso #1353 (Limited Chase);1650.00;;;11  2025 1:52 PM;0;0;402;https://www.powergamesenlinea.com/shop/2317/desc/my-hero-academia-hitoshi-shinso-1353-limited-chase;https://www.powergamesenlinea.com/_sh/23/2317.webp
2318;98;« FUNKO POP! »;Funko Pop!;My Hero Academia - Lady Nagant #1831;1095.00;;;11  2025 1:55 PM;0;0;640;https://www.powergamesenlinea.com/shop/2318/desc/my-hero-academia-lady-nagant-1831;https://www.powergamesenlinea.com/_sh/23/2318.webp
2319;98;« FUNKO POP! »;Funko Pop!;My Hero Academia - Izuku Midoriya Hooded Px #1815;1795.00;;;11  2025 1:58 PM;0;0;662;https://www.powergamesenlinea.com/shop/2319/desc/my-hero-academia-izuku-midoriya-hooded-px-1815;https://www.powergamesenlinea.com/_sh/23/2319.webp
2320;98;« FUNKO POP! »;Funko Pop!;My Hero Academia – Shigaraki In Chair #1526;2195.00;;;11  2025 2:00 PM;0;0;714;https://www.powergamesenlinea.com/shop/2320/desc/my-hero-academia-shigaraki-in-chair-1526;https://www.powergamesenlinea.com/_sh/23/2320.webp
2321;98;« FUNKO POP! »;Funko Pop!;My Hero Academia – Stain #1832;1095.00;;;11  2025 2:02 PM;0;0;610;https://www.powergamesenlinea.com/shop/2321/desc/my-hero-academia-stain-1832;https://www.powergamesenlinea.com/_sh/23/2321.webp
2322;98;« FUNKO POP! »;Funko Pop!;My Hero Academia – Star and Stripe #1833;1095.00;;;11  2025 2:05 PM;0;0;670;https://www.powergamesenlinea.com/shop/2322/desc/my-hero-academia-star-and-stripe-1833;https://www.powergamesenlinea.com/_sh/23/2322.webp
2323;98;« FUNKO POP! »;Funko Pop!;My Hero Academia – Tamaki Amajiki #1005;850.00;;;11  2025 2:10 PM;0;0;567;https://www.powergamesenlinea.com/shop/2323/desc/my-hero-academia-tamaki-amajiki-1005;https://www.powergamesenlinea.com/_sh/23/2323.webp
2324;98;« FUNKO POP! »;Funko Pop!;My Hero Academia - T-shirt Toga;1795.00;;;11  2025 2:13 PM;0;0;523;https://www.powergamesenlinea.com/shop/2324/desc/my-hero-academia-t-shirt-toga;https://www.powergamesenlinea.com/_sh/23/2324.webp
2326;98;« FUNKO POP! »;Funko Pop!;House of The Dragon - Myseria #25;1195.00;;;11  2025 2:16 PM;0;0;723;https://www.powergamesenlinea.com/shop/2326/desc/house-of-the-dragon-myseria-25;https://www.powergamesenlinea.com/_sh/23/2326.webp
2327;98;« FUNKO POP! »;Funko Pop!;House of The Dragon - Alyce Rivers #26;1195.00;;;11  2025 2:18 PM;0;0;676;https://www.powergamesenlinea.com/shop/2327/desc/house-of-the-dragon-alyce-rivers-26;https://www.powergamesenlinea.com/_sh/23/2327.webp
2328;98;« FUNKO POP! »;Funko Pop!;House of The Dragon - Rhaynera Targaryen #22;1195.00;;;11  2025 2:19 PM;0;0;737;https://www.powergamesenlinea.com/shop/2328/desc/house-of-the-dragon-rhaynera-targaryen-22;https://www.powergamesenlinea.com/_sh/23/2328.webp
2329;98;« FUNKO POP! »;Funko Pop!;House of The Dragon - Alicent Hightower #24;1195.00;;;11  2025 2:21 PM;0;0;608;https://www.powergamesenlinea.com/shop/2329/desc/house-of-the-dragon-alicent-hightower-24;https://www.powergamesenlinea.com/_sh/23/2329.webp
2330;98;« FUNKO POP! »;Funko Pop!;House of The Dragon - Daemon Targaryen #23;1195.00;;;11  2025 2:22 PM;0;0;712;https://www.powergamesenlinea.com/shop/2330/desc/house-of-the-dragon-daemon-targaryen-23;https://www.powergamesenlinea.com/_sh/23/2330.webp
2331;98;« FUNKO POP! »;Funko Pop!;Kim Possible #1580;1195.00;;;13  2025 9:49 AM;0;0;557;https://www.powergamesenlinea.com/shop/2331/desc/kim-possible-1580;https://www.powergamesenlinea.com/_sh/23/2331.webp
2332;98;« FUNKO POP! »;Funko Pop!;Kim Possible - Ron Stoppable with Rufus #1581;1195.00;;;13  2025 9:54 AM;0;0;486;https://www.powergamesenlinea.com/shop/2332/desc/kim-possible-ron-stoppable-with-rufus-1581;https://www.powergamesenlinea.com/_sh/23/2332.webp
2333;98;« FUNKO POP! »;Funko Pop!;Kim Possible - Shego #1582;1195.00;;;13  2025 9:56 AM;0;0;498;https://www.powergamesenlinea.com/shop/2333/desc/kim-possible-shego-1582;https://www.powergamesenlinea.com/_sh/23/2333.webp
2334;98;« FUNKO POP! »;Funko Pop!;Castlevania Nocturn - Alucard #1961;1195.00;;;13  2025 10:36 AM;0;0;579;https://www.powergamesenlinea.com/shop/2334/desc/castlevania-nocturn-alucard-1961;https://www.powergamesenlinea.com/_sh/23/2334.webp
2335;98;« FUNKO POP! »;Funko Pop!;Castlevania Nocturn - Olrox #1962;1195.00;;;13  2025 10:38 AM;0;0;475;https://www.powergamesenlinea.com/shop/2335/desc/castlevania-nocturn-olrox-1962;https://www.powergamesenlinea.com/_sh/23/2335.webp
2336;98;« FUNKO POP! »;Funko Pop!;Fairly Odd Parents - Timmy Turner #1690;1195.00;;;13  2025 10:40 AM;0;0;485;https://www.powergamesenlinea.com/shop/2336/desc/fairly-odd-parents-timmy-turner-1690;https://www.powergamesenlinea.com/_sh/23/2336.webp
2337;98;« FUNKO POP! »;Funko Pop!;Fairly Odd Parents - Cosmo and Poof #1691;1195.00;;;13  2025 10:44 AM;0;0;412;https://www.powergamesenlinea.com/shop/2337/desc/fairly-odd-parents-cosmo-and-poof-1691;https://www.powergamesenlinea.com/_sh/23/2337.webp
2338;98;« FUNKO POP! »;Funko Pop!;Fairly Odd Parents - Wanda with Da Rules #1692;1195.00;;;13  2025 10:47 AM;0;0;616;https://www.powergamesenlinea.com/shop/2338/desc/fairly-odd-parents-wanda-with-da-rules-1692;https://www.powergamesenlinea.com/_sh/23/2338.webp
2339;98;« FUNKO POP! »;Funko Pop!;Deadpool & Wolverine - Wolverine with Babypool $1403;1195.00;;;13  2025 10:57 AM;0;0;612;https://www.powergamesenlinea.com/shop/2339/desc/deadpool-wolverine-wolverine-with-babypool-1403;https://www.powergamesenlinea.com/_sh/23/2339.webp
2340;98;« FUNKO POP! »;Funko Pop!;Funko Bitty POP! Deadpool – Bathtime 0.9 pulgadas (0.9 inch);1350.00;Paquete de 4 y una figura misteriosa sorpresa;;13  2025 11:47 AM;0;0;578;https://www.powergamesenlinea.com/shop/2340/desc/funko-bitty-pop-deadpool-bathtime-0-9-pulgadas-0-9-inch;https://www.powergamesenlinea.com/_sh/23/2340.webp
2341;235;« COOL STUFF »;Open Road Brands;Marvel Deadpool - Cartel de metal;1650.00;;;13  2025 11:49 AM;0;0;530;https://www.powergamesenlinea.com/shop/2341/desc/marvel-deadpool-cartel-de-metal;https://www.powergamesenlinea.com/_sh/23/2341.webp
2342;98;« FUNKO POP! »;Funko Pop!;Llavero Deadpool & Wolverine - Deadpool;550.00;;;13  2025 11:52 AM;0;0;405;https://www.powergamesenlinea.com/shop/2342/desc/llavero-deadpool-wolverine-deadpool;https://www.powergamesenlinea.com/_sh/23/2342.webp
2343;235;« COOL STUFF »;Vandor;Deadpool - Taza de cer?mica (12oz);1550.00;;;13  2025 11:58 AM;0;0;695;https://www.powergamesenlinea.com/shop/2343/desc/deadpool-taza-de-ceramica-12oz;https://www.powergamesenlinea.com/_sh/23/2343.webp
2344;98;« FUNKO POP! »;Funko Pop!;Comic Cover Marvel - Deadpool in Black Suit #46;2450.00;;;13  2025 12:06 PM;0;0;710;https://www.powergamesenlinea.com/shop/2344/desc/comic-cover-marvel-deadpool-in-black-suit-46;https://www.powergamesenlinea.com/_sh/23/2344.webp
2345;98;« FUNKO POP! »;Funko Pop!;Dragon Ball - Super Goku (Ultra Instinct Form) #386;1250.00;;;13  2025 12:18 PM;0;0;690;https://www.powergamesenlinea.com/shop/2345/desc/dragon-ball-super-goku-ultra-instinct-form-386;https://www.powergamesenlinea.com/_sh/23/2345.webp
2346;98;« FUNKO POP! »;Funko Pop!;Dragon Ball - Chichi #1925;1195.00;;;13  2025 12:20 PM;0;0;647;https://www.powergamesenlinea.com/shop/2346/desc/dragon-ball-chichi-1925;https://www.powergamesenlinea.com/_sh/23/2346.webp
2347;98;« FUNKO POP! »;Funko Pop!;Dragon Ball - Goku con Nyoibou #1922;1195.00;;;13  2025 12:22 PM;0;0;587;https://www.powergamesenlinea.com/shop/2347/desc/dragon-ball-goku-con-nyoibou-1922;https://www.powergamesenlinea.com/_sh/23/2347.webp
2348;98;« FUNKO POP! »;Funko Pop!;Dragonball Z - Goku S?per Sayajin (primera apariencia) #860;1195.00;;;13  2025 12:29 PM;0;0;588;https://www.powergamesenlinea.com/shop/2348/desc/dragonball-z-goku-super-sayajin-primera-apariencia-860;https://www.powergamesenlinea.com/_sh/23/2348.webp
2349;98;« FUNKO POP! »;Funko Pop!;Dragon Ball - Oolong #1924;1195.00;;;13  2025 12:31 PM;0;0;614;https://www.powergamesenlinea.com/shop/2349/desc/dragon-ball-oolong-1924;https://www.powergamesenlinea.com/_sh/23/2349.webp
2350;98;« FUNKO POP! »;Funko Pop!;Dragon Ball Super: Super Hero - Piccolo naranja #1704;1250.00;;;13  2025 12:34 PM;0;0;741;https://www.powergamesenlinea.com/shop/2350/desc/dragon-ball-super-super-hero-piccolo-naranja-1704;https://www.powergamesenlinea.com/_sh/23/2350.webp
2351;98;« FUNKO POP! »;Funko Pop!;Dragon Ball - Bulma #1923;1195.00;;;13  2025 12:35 PM;0;0;659;https://www.powergamesenlinea.com/shop/2351/desc/dragon-ball-bulma-1923;https://www.powergamesenlinea.com/_sh/23/2351.webp
2352;98;« FUNKO POP! »;Funko Pop!;Dragon Ball - Krillin #1926;1195.00;;;13  2025 12:37 PM;0;0;667;https://www.powergamesenlinea.com/shop/2352/desc/dragon-ball-krillin-1926;https://www.powergamesenlinea.com/_sh/23/2352.webp
2353;98;« FUNKO POP! »;Funko Pop!;Dragonball Z - Forma final Frieza #12;895.00;;;13  2025 12:43 PM;0;0;662;https://www.powergamesenlinea.com/shop/2353/desc/dragonball-z-forma-final-frieza-12;https://www.powergamesenlinea.com/_sh/23/2353.webp
2354;98;« FUNKO POP! »;Funko Pop!;Dragonball Z - Mecha Frieza #705;895.00;;;13  2025 12:46 PM;0;0;765;https://www.powergamesenlinea.com/shop/2354/desc/dragonball-z-mecha-frieza-705;https://www.powergamesenlinea.com/_sh/23/2354.webp
2355;147;« FIGURES »;Funko Pop!;Dragon Ball Super - Frieza (6.5 Inch);2095.00;Figura articulada;;13  2025 12:52 PM;0;0;831;https://www.powergamesenlinea.com/shop/2355/desc/dragon-ball-super-frieza-6-5-inch;https://www.powergamesenlinea.com/_sh/23/2355.webp
2356;147;« FIGURES »;Bandai;Dragon Ball Z - Mecha Frieza;5095.00;;;13  2025 1:03 PM;0;0;896;https://www.powergamesenlinea.com/shop/2356/desc/dragon-ball-z-mecha-frieza;https://www.powergamesenlinea.com/_sh/23/2356.webp
2357;98;« FUNKO POP! »;Funko Pop!;Dragon Ball Z: Dr. Gero #950;770.00;;;14  2025 12:31 PM;0;0;928;https://www.powergamesenlinea.com/shop/2357/desc/dragon-ball-z-dr-gero-950;https://www.powergamesenlinea.com/_sh/23/2357.webp
2358;98;« FUNKO POP! »;Funko Pop!;Dragon Ball Z Ginyu (Glow in the Dark) #1493;995.00;;;14  2025 12:45 PM;0;0;777;https://www.powergamesenlinea.com/shop/2358/desc/dragon-ball-z-ginyu-glow-in-the-dark-1493;https://www.powergamesenlinea.com/_sh/23/2358.webp
2359;98;« FUNKO POP! »;Funko Pop!;Dragon Ball Super Saiyan Rose Goku Black #1279;1295.00;;;14  2025 12:58 PM;0;0;937;https://www.powergamesenlinea.com/shop/2359/desc/dragon-ball-super-saiyan-rose-goku-black-1279;https://www.powergamesenlinea.com/_sh/23/2359.webp
2361;154;Juegos de PS5;Konami;Metal Gear Solid Delta: Snake Eater (Tactical ED) – PS5;4495.00;;;28  2025 7:24 PM;0;0;728;https://www.powergamesenlinea.com/shop/2361/desc/metal-gear-solid-d-snake-eater-tactical-ed-ps5;https://www.powergamesenlinea.com/_sh/23/2361.webp
2360;181;PLAYSTATION;SONY;[PSN Digital Code] $100 PlayStation Store Gift Card;7100.00;;;22  2025 8:06 AM;0;0;1305;https://www.powergamesenlinea.com/shop/2360/desc/psn-digital-code-100-playstation-store-gift-card;https://www.powergamesenlinea.com/_sh/23/2360.webp
2362;154;Juegos de PS5;The Coalition / Xbox Game Studios;Gears of War: Reloaded – PlayStation® 5;3095.00;;;28  2025 8:04 PM;0;0;1053;https://www.powergamesenlinea.com/shop/2362/desc/gears-of-war-ps5;https://www.powergamesenlinea.com/_sh/23/2362.webp
2364;146;Xbox Series X|S;Microsoft;Xbox Series X - 1TB SSD ?| 009877;37495.00;Xbox Series X - Gaming Console - 1TB SSD - Includes Wireless Controller;;29  2025 12:35 PM;5;0;2384;https://www.powergamesenlinea.com/shop/2364/desc/xbox-serie-x-1tb-disco;https://www.powergamesenlinea.com/_sh/23/2364.webp
2365;154;Juegos de PS5;2K / Take-Two Interactive;NBA 2K26 - PS5 | 012792;2395.00;;;05  2025 7:28 PM;5;0;884;https://www.powergamesenlinea.com/shop/2365/desc/nba-2k26-ps5;https://www.powergamesenlinea.com/_sh/23/2365.webp
2366;65;Juegos de Nintendo Switch;2K / Take-Two Interactive;NBA 2K26 - NS | 012793;2395.00;;;05  2025 7:29 PM;0;0;1239;https://www.powergamesenlinea.com/shop/2366/desc/nba-2k26-ns;https://www.powergamesenlinea.com/_sh/23/2366.webp
2367;154;Juegos de PS5;Konami;Silent Hill f - PS5;4395.00;;;01  2025 11:45 AM;0;0;749;https://www.powergamesenlinea.com/shop/2367/desc/silent-hill-f-ps5;https://www.powergamesenlinea.com/_sh/23/2367.webp
2368;154;Juegos de PS5;Gearbox Software / 2k;Borderlands 4 - PS5;4395.00;;;01  2025 11:48 AM;0;0;818;https://www.powergamesenlinea.com/shop/2368/desc/borderlands-4-ps5;https://www.powergamesenlinea.com/_sh/23/2368.webp
2369;154;Juegos de PS5;EA Sports;FC26 - PS5;4395.00;;;01  2025 12:36 PM;0;0;750;https://www.powergamesenlinea.com/shop/2369/desc/fc26-ps5;https://www.powergamesenlinea.com/_sh/23/2369.webp
2370;57;Juegos Xbox One | Series X,S;EA Sports;FC26 - XS;2595.00;;;01  2025 12:37 PM;0;0;977;https://www.powergamesenlinea.com/shop/2370/desc/fc26-xs;https://www.powergamesenlinea.com/_sh/23/2370.webp
2371;45;Juegos de PS4;EA Sports;FC26 - PS4;2595.00;;;01  2025 12:38 PM;0;0;787;https://www.powergamesenlinea.com/shop/2371/desc/fc26-ps4;https://www.powergamesenlinea.com/_sh/23/2371.webp
2372;241;Juegos Nintendo Switch 2;EA Sports;FC26 - NS2 | 012812;2595.00;;;01  2025 12:51 PM;0;0;1147;https://www.powergamesenlinea.com/shop/2372/desc/fc26-ns2;https://www.powergamesenlinea.com/_sh/23/2372.webp
2373;65;Juegos de Nintendo Switch;EA Sports;FC 26 - Nintendo Switch;3895.00;;;01  2025 12:59 PM;3.33;0;1248;https://www.powergamesenlinea.com/shop/2373/desc/fc-26-nintendo-switch;https://www.powergamesenlinea.com/_sh/23/2373.webp
2374;241;Juegos Nintendo Switch 2;2K Sports;NBA 2K26 | NS2 | 012817;3895.00;;;01  2025 1:19 PM;0;0;1202;https://www.powergamesenlinea.com/shop/2374/desc/nba-2k26-ns2;https://www.powergamesenlinea.com/_sh/23/2374.webp
2375;161;Accesorios PlayStation 5;Logitech;Logitech G29 TrueForce Racing Wheel and Pedals | PS5/PS4 | (Volante, Guia);22995.00;;;03  2025 1:50 PM;0;0;1399;https://www.powergamesenlinea.com/shop/2375/desc/logitech-g29-ps5;https://www.powergamesenlinea.com/_sh/23/2375.webp
2377;161;Accesorios PlayStation 5;SONY;PlayStation Controller | Ghost of Y?tei Gold Limited Edition ?;7995.00;;;08  2025 5:03 PM;0;0;1073;https://www.powergamesenlinea.com/shop/2377/desc/playstation-controller-ghost-of-yotei-gold-limited-edition;https://www.powergamesenlinea.com/_sh/23/2377.webp
2378;154;Juegos de PS5;SONY;Ghost Of Yotei - PS5 | 012820;4495.00;;;08  2025 5:06 PM;0;0;1040;https://www.powergamesenlinea.com/shop/2378/desc/ghost-of-yotei-ps5;https://www.powergamesenlinea.com/_sh/23/2378.webp
2379;65;Juegos de Nintendo Switch;Nintendo;Super Mario Galaxy™ + Super Mario Galaxy™ 2 | 012816;3895.00;;;10  2025 5:18 PM;5;0;1084;https://www.powergamesenlinea.com/shop/2379/desc/super-mario-galaxy-super-mario-galaxy-2;https://www.powergamesenlinea.com/_sh/23/2379.webp
2380;154;Juegos de PS5;Battlefield Studios | Electronic Arts;Battlefield 6 | PS5;4400.00;;;10  2025 5:29 PM;0;0;1305;https://www.powergamesenlinea.com/shop/2380/desc/battlefield-6-playstation-5;https://www.powergamesenlinea.com/_sh/23/2380.webp
2381;57;Juegos Xbox One | Series X,S;Battlefield Studios | Electronic Arts;Battlefield 6 | Xbox X;4400.00;;;10  2025 5:40 PM;0;0;1254;https://www.powergamesenlinea.com/shop/2381/desc/battlefield-6-xbox-x;https://www.powergamesenlinea.com/_sh/23/2381.webp
2382;154;Juegos de PS5;Square-Enix;FINAL FANTASY TACTICS – The Ivalice Chronicles | PS5;3795.00;;;10  2025 6:01 PM;0;0;1023;https://www.powergamesenlinea.com/shop/2382/desc/final-fantasy-tactics-the-ivalice-chronicles-ps5;https://www.powergamesenlinea.com/_sh/23/2382.webp
2383;45;Juegos de PS4;U&I Entertainment;Hollow Knight - PS4 |013186;2495.00;;;14  2025 12:24 PM;0;0;2133;https://www.powergamesenlinea.com/shop/2383/desc/hollow-knight-ps4;https://www.powergamesenlinea.com/_sh/23/2383.webp
2417;241;Juegos Nintendo Switch 2;Nintendo;Mario Tennis™ Fever - NS2 | 013187;5095.00;;;25  2026 5:49 PM;5;0;546;https://www.powergamesenlinea.com/shop/2417/desc/mario-tennis-fever-ns2-013187;https://www.powergamesenlinea.com/_sh/24/2417.webp
2384;65;Juegos de Nintendo Switch;Nintendo;Pok?mon™ Legends: Z-A;3495.00;;;16  2025 7:14 PM;5;0;1449;https://www.powergamesenlinea.com/shop/2384/desc/pokemon-legends-z-a;https://www.powergamesenlinea.com/_sh/23/2384.webp
2385;245;« JBL »;JBL Harman;"&#8205; Aud?fonos JBL Tune 520C Black | USB-C";2199.00;;;06  2025 4:14 PM;1;0;948;https://www.powergamesenlinea.com/shop/2385/desc/audifonos-jbl-tune-520c-usb-c;https://www.powergamesenlinea.com/_sh/23/2385.webp
2386;154;Juegos de PS5;Activision;Call of Duty® Black Ops 7 |013048;4395.00;;;15  2025 5:59 PM;1;0;1115;https://www.powergamesenlinea.com/shop/2386/desc/call-of-duty-black-ops-7;https://www.powergamesenlinea.com/_sh/23/2386.webp
2387;37;« Consolas »;Microsoft;? Xbox serie S - 512GB | 009975;25495.00;;6 meses;25  2025 12:28 PM;2.5;0;1102;https://www.powergamesenlinea.com/shop/2387/desc/xbox-series-s-512gb-white;https://www.powergamesenlinea.com/_sh/23/2387.webp
2389;234;« RAZER »;;SILLA ISKUR V2 X;22995.00;;;27  2025 1:02 PM;1;0;708;https://www.powergamesenlinea.com/shop/2389/desc/silla-iskur-v2-x;https://www.powergamesenlinea.com/_sh/23/2389.webp
2390;245;« JBL »;JBL Harman;JBL Tune 720BT White - (Aud?fonos Inal?mbrico);3995.00;;;27  2025 2:03 PM;1;0;705;https://www.powergamesenlinea.com/shop/2390/desc/jbl-tune-720bt-white-audifonos-inalambrico;https://www.powergamesenlinea.com/_sh/23/2390.webp
2391;240;Nintendo Switch 2;NINTENDO;Pok?mon™ Legends: Z-A NS2 | 012966;4795.00;;;28  2025 9:17 AM;1;0;989;https://www.powergamesenlinea.com/shop/2391/desc/pokemon-legends-z-a-ns2;https://www.powergamesenlinea.com/_sh/23/2391.webp
2392;241;Juegos Nintendo Switch 2;Nintendo;Hyrule Warriors: Age of Imprisonment | 013051;6195.00;;;28  2025 9:19 AM;1;0;975;https://www.powergamesenlinea.com/shop/2392/desc/hyrule-warriors-age-of-imprisonment;https://www.powergamesenlinea.com/_sh/23/2392.webp
2393;241;Juegos Nintendo Switch 2;Nintendo;Kirby Air Riders |013084;5195.00;;;28  2025 9:22 AM;1;0;1194;https://www.powergamesenlinea.com/shop/2393/desc/kirby-air-riders;https://www.powergamesenlinea.com/_sh/23/2393.webp
2394;36;«Juegos»;Nintendo;Metroid Prime™ 4: Beyond;3495.00;;;05  2025 5:21 PM;2.5;0;1122;https://www.powergamesenlinea.com/shop/2394/desc/metroid-prime-4-beyond;https://www.powergamesenlinea.com/_sh/23/2394.webp
2395;210;« META QUEST »;Meta;Meta Quest 3S 256GB — Batman: Arkham Shadow;28495.00;Meta Quest 3S 128GB;1 mes;19  2025 3:32 PM;0;0;825;https://www.powergamesenlinea.com/shop/2395/desc/meta-quest-3s;https://www.powergamesenlinea.com/_sh/23/2395.webp
2396;64;Nintendo Switch;Nintendo;"&#8205; Nintendo Switch v2 Super Mario Wonder Bundle";20495.00;;;23  2025 6:24 PM;2;0;1637;https://www.powergamesenlinea.com/shop/2396/desc/nintendo-switch-v2-super-mario-wonder-bundle;https://www.powergamesenlinea.com/_sh/23/2396.webp
2397;64;Nintendo Switch;Nintendo;"&#8205; Nintendo Switch Modelo OLED Blanco - Super Mario Wonder Bundle";22995.00;;;23  2025 6:29 PM;0;0;2048;https://www.powergamesenlinea.com/shop/2397/desc/nintendo-switch-oled-blanco-super-mario-wonder-bundle;https://www.powergamesenlinea.com/_sh/23/2397.webp
2454;98;« FUNKO POP! »;Funko Pop!;Star Wars - Darth Vader #539;1195.00;;;23  2026 1:42 PM;0;0;187;https://www.powergamesenlinea.com/shop/2454/desc/star-wars-darth-vader-539;https://www.powergamesenlinea.com/_sh/24/2454.webp
2455;98;« FUNKO POP! »;Funko Pop!;Star Wars - Darth Vader #795;1650.00;Con luz y sonido;;23  2026 1:46 PM;0;0;192;https://www.powergamesenlinea.com/shop/2455/desc/star-wars-darth-vader-795;https://www.powergamesenlinea.com/_sh/24/2455.webp
2456;98;« FUNKO POP! »;Funko Pop!;Star Wars - Darth Vader Halloween #727;2095.00;Light-Up SFX Super 6 3/4-Inch;;23  2026 1:51 PM;0;0;156;https://www.powergamesenlinea.com/shop/2456/desc/star-wars-darth-vader-halloween-727;https://www.powergamesenlinea.com/_sh/24/2456.webp
2457;98;« FUNKO POP! »;Funko Pop!;Star Wars - Fennec Shand #483;750.00;;;23  2026 1:54 PM;0;0;188;https://www.powergamesenlinea.com/shop/2457/desc/star-wars-fennec-shand-483;https://www.powergamesenlinea.com/_sh/24/2457.webp
2458;98;« FUNKO POP! »;Funko Pop!;Star Wars - Jango Fett (Retro) #835;1295.00;;;23  2026 2:00 PM;0;0;177;https://www.powergamesenlinea.com/shop/2458/desc/star-wars-jango-fett-retro-835;https://www.powergamesenlinea.com/_sh/24/2458.webp
2459;98;« FUNKO POP! »;Funko Pop!;Star Wars - Kino Loy #760;1095.00;;;23  2026 6:10 PM;0;0;206;https://www.powergamesenlinea.com/shop/2459/desc/star-wars-kino-loy-760;https://www.powergamesenlinea.com/_sh/24/2459.webp
2460;98;« FUNKO POP! »;Funko Pop!;Star Wars Legends - Darth Vader (Infinities) #836;1350.00;;;24  2026 9:22 AM;0;0;204;https://www.powergamesenlinea.com/shop/2460/desc/star-wars-legends-darth-vader-infinities-836;https://www.powergamesenlinea.com/_sh/24/2460.webp
2461;98;« FUNKO POP! »;Funko Pop!;Star Wars Classics - Leia #595;1295.00;;;24  2026 10:26 AM;0;0;201;https://www.powergamesenlinea.com/shop/2461/desc/star-wars-classics-leia-595;https://www.powergamesenlinea.com/_sh/24/2461.webp
2462;98;« FUNKO POP! »;Funko Pop!;Star Wars - Luthen Rael #761;1095.00;;;24  2026 10:29 AM;0;0;210;https://www.powergamesenlinea.com/shop/2462/desc/star-wars-luthen-rael-761;https://www.powergamesenlinea.com/_sh/24/2462.webp
2463;98;« FUNKO POP! »;Funko Pop!;Star Wars May the Fourth - Mace Windu (Retro) #834;1295.00;;;24  2026 10:31 AM;0;0;204;https://www.powergamesenlinea.com/shop/2463/desc/star-wars-may-the-fourth-mace-windu-retro-834;https://www.powergamesenlinea.com/_sh/24/2463.webp
2464;98;« FUNKO POP! »;Funko Pop!;Star Wars The Mandalorian - Moff Gideon with Armor #713;995.00;;;24  2026 10:40 AM;0;0;189;https://www.powergamesenlinea.com/shop/2464/desc/star-wars-the-mandalorian-moff-gideon-with-armor-713;https://www.powergamesenlinea.com/_sh/24/2464.webp
2465;98;« FUNKO POP! »;Funko Pop!;Star Wars - R2-D2 #31;1195.00;;;26  2026 9:57 AM;0;0;177;https://www.powergamesenlinea.com/shop/2465/desc/star-wars-r2-d2-31;https://www.powergamesenlinea.com/_sh/24/2465.webp
2466;98;« FUNKO POP! »;Funko Pop!;Star Wars - Stormtrooper #815;1195.00;;;26  2026 10:01 AM;0;0;199;https://www.powergamesenlinea.com/shop/2466/desc/star-wars-stormtrooper-815;https://www.powergamesenlinea.com/_sh/24/2466.webp
2468;98;« FUNKO POP! »;Funko Pop!;Star Wars - The Armorer #353;895.00;;;26  2026 10:05 AM;0;0;246;https://www.powergamesenlinea.com/shop/2468/desc/star-wars-the-armorer-353;https://www.powergamesenlinea.com/_sh/24/2468.webp
2469;98;« FUNKO POP! »;Funko Pop!;Star Wars - Wicket W. Warrick #290;795.00;;;26  2026 10:09 AM;0;0;274;https://www.powergamesenlinea.com/shop/2469/desc/star-wars-wicket-w-warrick-290;https://www.powergamesenlinea.com/_sh/24/2469.webp
2502;241;Juegos Nintendo Switch 2;Nintendo;Pok?mon Pokopia - Switch 2 |013399;5495.00;;;23  2026 1:25 PM;0;0;569;https://www.powergamesenlinea.com/shop/2502/desc/pokemon-pokopia-nintendo-switch-2;https://www.powergamesenlinea.com/_sh/25/2502.webp
2503;154;Juegos de PS5;Housemarque / SIE;SAROS PS5 | 013412;4595.00;;;30  2026 12:33 PM;0;0;417;https://www.powergamesenlinea.com/shop/2503/desc/saros-ps5;https://www.powergamesenlinea.com/_sh/25/2503.webp
2504;233;« LAPTOPS GAMER »;HP Victus;Laptop Gamer 15-FA2093DX | 012764;74995.00;"Especificaciones t?nicas: 15.6"" FHD IPS 144Hz Display | Intel Core i7-13620H | 16GB RAM | 1TB SSD | GeForce RTX 5060 8GB GPU";;13  2026 2:48 PM;0;0;927;https://www.powergamesenlinea.com/shop/2504/desc/laptop-gamer-15-fa2093dx;https://www.powergamesenlinea.com/_sh/25/2504.webp
2505;224;« CARTAS POKEMON »;;POKEMON SPANISH CROWN ZENITH V-UNION;6295.00;;;25  2026 1:46 PM;0;0;173;https://www.powergamesenlinea.com/shop/2505/desc/pokemon-spanish-crown-zenith-v-union;https://www.powergamesenlinea.com/_sh/25/2505.webp
2506;224;« CARTAS POKEMON »;POKEMON;POKEMON ESPANISH ASCENDED HEROES MEGA MEGANIUM/EMBOR/FERALIGATR EX;1595.00;;;25  2026 1:49 PM;0;0;227;https://www.powergamesenlinea.com/shop/2506/desc/pokemon-espanish-ascended-heroes-mega-meganium-embor-feraligatr-ex;https://www.powergamesenlinea.com/_sh/25/2506.webp
2507;224;« CARTAS POKEMON »;POKEMON;POKEMON-SPANISH ASCENDED HEROES PREMIUM POSTER COLLECTOR;3695.00;;;25  2026 1:56 PM;0;0;148;https://www.powergamesenlinea.com/shop/2507/desc/pokemon-spanish-ascended-heroes-premium-poster-collector;https://www.powergamesenlinea.com/_sh/25/2507.webp
2508;224;« CARTAS POKEMON »;POKEMON;POKEMON SPANISH PREMIUM FIGURE PRISMATIC EVOLUTION;5950.00;;;25  2026 2:04 PM;0;0;202;https://www.powergamesenlinea.com/shop/2508/desc/pokemon-spanish-premium-figure-prismatic-evolution;https://www.powergamesenlinea.com/_sh/25/2508.webp
2509;224;« CARTAS POKEMON »;POKEMON;POKEMON-ESPANISH MEGA LUCARIO EX;2395.00;;;25  2026 2:10 PM;0;0;147;https://www.powergamesenlinea.com/shop/2509/desc/pokemon-espanish-mega-lucario-ex;https://www.powergamesenlinea.com/_sh/25/2509.webp
2510;224;« CARTAS POKEMON »;POKEMON;POKEMON MEGA ZYGARDE EX PREMIUM COLLECTION;3395.00;;;25  2026 2:34 PM;0;0;332;https://www.powergamesenlinea.com/shop/2510/desc/pokemon-mega-zygarde-ex-premium-collection;https://www.powergamesenlinea.com/_sh/25/2510.webp
2511;224;« CARTAS POKEMON »;POKEMON;POKEMON GRENINJA EX KINGDRA EX ESPECIAL COLLETION;4995.00;;;25  2026 2:39 PM;0;0;342;https://www.powergamesenlinea.com/shop/2511/desc/pokemon-greninja-ex-kingdra-ex-especial-colletion;https://www.powergamesenlinea.com/_sh/25/2511.webp
2512;224;« CARTAS POKEMON »;POKEMON;POKEMON VENUSAUR BLASTOISE EX ESPECIAL COLLECTION;5895.00;;;25  2026 2:42 PM;0;0;146;https://www.powergamesenlinea.com/shop/2512/desc/pokemon-venusaur-blastoise-ex-especial-collection;https://www.powergamesenlinea.com/_sh/25/2512.webp
2513;224;« CARTAS POKEMON »;POKEMON;POKEMON BLAZIKEN EX VOLCANION EX ESPECIAL COLLECTION;6795.00;;;25  2026 2:44 PM;0;0;356;https://www.powergamesenlinea.com/shop/2513/desc/pokemon-blaziken-ex-volcanion-ex-especial-collection;https://www.powergamesenlinea.com/_sh/25/2513.webp
2515;253;« PRE-ORDEN CARTAS »;POKEMON;Pokemon TCG: First Partner- Illustration Collection Case (Series 3) - ENGLISH;0.00;;;25  2026 5:54 PM;0;0;126;https://www.powergamesenlinea.com/shop/2515/desc/pokemon-tcg-first-partner-illustration-collection-case-series-3-english;https://www.powergamesenlinea.com/_sh/25/2515.webp
2516;253;« PRE-ORDEN CARTAS »;POKEMON;Pokemon TCG: Mega Greninja EX Premium Collection;0.00;;;25  2026 5:57 PM;0;0;115;https://www.powergamesenlinea.com/shop/2516/desc/pokemon-tcg-mega-greninja-ex-premium-collection;https://www.powergamesenlinea.com/_sh/25/2516.webp
2517;253;« PRE-ORDEN CARTAS »;POKEMON;Pokemon TCG: Mega Evolution 05 Pitch Black- Elite Trainer Box - ENGLISH;0.00;;;25  2026 6:00 PM;0;0;278;https://www.powergamesenlinea.com/shop/2517/desc/pokemon-tcg-mega-evolution-05-pitch-black-elite-trainer-box-english;https://www.powergamesenlinea.com/_sh/25/2517.webp
2518;253;« PRE-ORDEN CARTAS »;POKEMON;Pokemon TCG: Mega Evolution 05 Pitch Black- Build & Battle Box - ENGLISH;0.00;;;25  2026 6:02 PM;0;0;279;https://www.powergamesenlinea.com/shop/2518/desc/pokemon-tcg-mega-evolution-05-pitch-black-build-battle-box-english;https://www.powergamesenlinea.com/_sh/25/2518.webp
2519;253;« PRE-ORDEN CARTAS »;POKEMON;Pokemon TCG: Mega Evolution 05 Pitch Black- 3-Booster Blister - ENGLISH;0.00;;;25  2026 6:04 PM;0;0;236;https://www.powergamesenlinea.com/shop/2519/desc/pokemon-tcg-mega-evolution-05-pitch-black-3-booster-blister-english;https://www.powergamesenlinea.com/_sh/25/2519.webp
2520;253;« PRE-ORDEN CARTAS »;POKEMON;Pokemon TCG: Mega Evolution 05 Pitch Black- Checklane Blister - ENGLSIH;0.00;;;25  2026 6:05 PM;0;0;245;https://www.powergamesenlinea.com/shop/2520/desc/pokemon-tcg-mega-evolution-05-pitch-black-checklane-blister-englsih;https://www.powergamesenlinea.com/_sh/25/2520.webp
2521;253;« PRE-ORDEN CARTAS »;POKEMON;Pokemon TCG: Mega Evolution 05 Pitch Black- Booster Bundle - ENGLISH;0.00;;;25  2026 6:06 PM;0;0;250;https://www.powergamesenlinea.com/shop/2521/desc/pokemon-tcg-mega-evolution-05-pitch-black-booster-bundle;https://www.powergamesenlinea.com/_sh/25/2521.webp
2522;253;« PRE-ORDEN CARTAS »;POKEMON;Pokemon TCG: Mega Evolution 05 Pitch Black- Sleeved Booster - ENGLISH;395.00;;;25  2026 6:09 PM;0;0;263;https://www.powergamesenlinea.com/shop/2522/desc/pokemon-tcg-mega-evolution-05-pitch-black-sleeved-booster-english;https://www.powergamesenlinea.com/_sh/25/2522.webp
2523;253;« PRE-ORDEN CARTAS »;POKEMON;Pokemon TCG: Mega Evolution 05 Pitch Black- Booster Display (36 Packs) - ENGLISH;395.00;VENTA POR SOBRE;;25  2026 6:11 PM;0;0;257;https://www.powergamesenlinea.com/shop/2523/desc/pokemon-tcg-mega-evolution-05-pitch-black-booster-english;https://www.powergamesenlinea.com/_sh/25/2523.webp
2524;253;« PRE-ORDEN CARTAS »;POKEMON;Pokemon TCG: Mega Evolution 04 Chaos Rising- Build & Battle Box;0.00;;;25  2026 6:13 PM;0;0;311;https://www.powergamesenlinea.com/shop/2524/desc/pokemon-tcg-mega-evolution-04-chaos-rising-build-battle-box;https://www.powergamesenlinea.com/_sh/25/2524.webp
2526;241;Juegos Nintendo Switch 2;;Yoshi and the Mysterious Book;4595.00;Juega como Yoshi y descubre criaturas extravagantes en las p?ginas de un libro parlante llamado Mr. E!;;26  2026 1:34 PM;0;0;620;https://www.powergamesenlinea.com/shop/2526/desc/yoshi-and-the-mysterious-book;https://www.powergamesenlinea.com/_sh/25/2526.webp
2527;224;« CARTAS POKEMON »;Pokemon;Pok?mon TCG: Lumiose City Mini Tin - ENGLISH;895.00;;;22  2026 1:01 PM;0;0;5;https://www.powergamesenlinea.com/shop/2527/desc/pokemon-tcg-lumiose-city-mini-tin-english;https://www.powergamesenlinea.com/_sh/25/2527.webp
